Wallets,Holdings
0x5b1f23f88aae4afb45535d242d1d291e2e2b0b93,156
0x766977e1e61a75914cfebabc7554d558185b22ea,96
0x88e0d8574cbbe5066bb589591c55ec6e9f86fd8d,68
0x0a664ae8e02bea53efae57dfccd5bdce45fa21f1,61
0xc6842ccd595aefd14cf6ee5ad010d22af9b56784,45
0xc69a7c205a6f82f41cedbd0f680020307d5bb444,37
0xb749c8d1fff99507232179fa1a8637901a139f88,32
0x303fa7778a465dab2f0fae95e17c3efa976fc054,31
0x660d3939ce5d51fffb26f1e1fef399232676fa89,25
0xec575b09c40e3ec4f4a4f7a19ca52e0b74d93faf,20
0x7610d2c65ec4979cbf2ecbf99548e524c473a54f,20
0x2e1387794fe0415bf44bffa2f69dbcfc0ccea8d6,20
0xb7bee71577428ab88340bea519922be137a99917,17
0x4a06f2320b17040001174331a4ef89c8214bbf43,17
0xc21ef96c2c53ed10bb39ef944dcb91217f264669,16
0xaacfedf9b2c8fc604bf3590f71eab0c00ac440a2,16
0xa367e07e83dc8193b008de613aa926d079bdc250,16
0x706e19472cd70bed7b17a4492efa2deaab43f205,16
0x6ff5947ef89754682ad765b79c11f33452756d0b,16
0x64b674062901ae8ce02c890fcfbe3c97e7e91048,16
0xa45cd9a7685cd9926e59c14305e3af275f280949,15
0x559355d188077514dfad3051d19c148c5f510162,15
0x1b3585c01ba9e8dd6aefd73f3ca9d58bbeb666e7,15
0x9243b93e3d7e6c6ea0fef139328dab35563f345c,14
0x1489fec2aec4b60331d98eead2e49bdc97c7c7c2,14
0xbd437b04b98f307ecc3be776bcdd95ae27db61de,13
0x72abec57d69234c86e1022f187c204b75dc46709,12
0xb895f23929929b241a36fc6287ed0be282938219,11
0xabaaa6d46e339f1a9977e4a9d95f5e5591f2e0ae,11
0xa73de27289905dc8b2b48223da2158cb02ca5e51,11
0x334eec5345d00e8edd0f2a95572b69d1bf70b51d,11
0xf9e4d1bd7fd8e921063148c3d4eb66e9cbf8e87b,10
0xd383b8086cd3728c8fd9c8ba5a71b1d8d0a6af62,10
0x96595c67a0bce3da2e47399e5e35714d38a5328d,10
0x85e36ac7bd01ec765c2e7bf4ce11628b69c19b23,10
0x85139a9481287f24bb90ae710e12474bb20edc9e,10
0x6db1127d38b252ae71090cd0660ef1bd50b40ae5,10
0x6c5e28f2dd6c22a69ce9c340f9cbce0ad85d3bbc,10
0x5b8431ee3c8f688ccde440a1a8b76259cf7bf082,10
0x43932f10de498ff674291b008767a29a3f530946,10
0x39794c3171d4d82eb9c6fbb764749eb7ed92881d,10
0x3506743efb7bff8190117535a3225b82299f8a0b,10
0x12f992280e9db877ca4294dbb3eddc89b53ace2f,10
0xd9d8e1fc80e5e9b6c185f4bfd014d86bc618bdd3,9
0xd044dff725aeb25d785084c701da08c4c332e491,9
0xbcb0c9551004c27a8c37e3b1c7dc9d92e943fbbc,9
0xb11d67034b9e849ed9327034de5e1a5b90b23695,9
0xa3afdbe1b2801b7d4ee8acfbaf50bc810f35011d,9
0x994aba10fdea9ad6e5881be9c1127b76abbfb64f,9
0x9841265764183168301921035b38d07704942b80,9
0x95444728e8a2b3384e6c634047c60345847c14ac,9
0x4d70cfd0dc51e6a59ff27542dafe720f8883ff2a,9
0x21289bbde86c404d8ad1d3eddeb4b1414831e867,9
0xfe358ec9f43687607abc18a2eea22947ccdabe27,8
0xfc1c3f11e6d42d7d329da5e8bb0b410dccb18870,8
0xfbf6c192e675a9ff3133fb267d4910e88be45571,8
0xfa15291e06107c84e5dbd82dba0e57bfbf48d812,8
0xf8fc436256be6a179384db35e0b4f3854ec862e4,8
0xf8a21359f40dbdd30970f77ad41f1fa125c3ef37,8
0xf887c595ba99163c9b3afed4737a5e96f0a9b45b,8
0xf029895a9c32648d78cad7a81a137a9a508ab254,8
0xefcce84688deca99f775d9f44fb8d088f8e49280,8
0xeccb9303c03fa091520222018e470adfa0d756b7,8
0xeae22ef1520cea44c7b3f268552ce6cb48f6c989,8
0xe75e8073cfaeb43fc45d43a3d60a8119304532d7,8
0xe2b5509bceeaa4e3fa794e8b2c9813e102bf9a73,8
0xd8ef260c409b50d349fdb054fea9c94da9ec21db,8
0xd7b31295d976744ef44b9ac745704d2671afbb37,8
0xd5e6a760bc7a67c956f469e963ed0be910d81e06,8
0xd378f5aebd33980c18e8da6804fbf461ecccd44f,8
0xd3626c181174f47e340f7513b9ce890805af0234,8
0xd2a5eb8a02994ceb6539b337caea82223f72d72b,8
0xc7bbf98a26c1a5cc3ec0e425c83a69c2bc3c4ea5,8
0xc68082cc9b3048c69e95a9c52ffeaa5351de85c8,8
0xc5c5c10a22380d9f13fc25cc368808aeee6e4e84,8
0xc49f603ae83ff618db124761bd297c74429b699b,8
0xc0ef463070b6678e52f137504df3081bbd23aee5,8
0xbc6c5c26ddebf5e60a8f99dcf75deec7a495e190,8
0xbb9054d75751c2669316ec9c534a23f6884757d1,8
0xb991c81f3359d4450e2d54c9c3a16da96aacd6da,8
0xb849aa4bcdf412558c41a01fd780109428d47084,8
0xb654c9584a4d7d048099354c31f26c4c5f805b31,8
0xb355ca1b4ebf8624af049507f59f36d121591368,8
0xa5590b39f86055366dbf57870742afbfa50a042e,8
0x9ed8b9ffaaa4270b6e83ee2b05990ec24287c797,8
0x9c01a0982f7fbc166bd1676bb51c93dbf0feb1fc,8
0x993718b2d175fefd45919761920c0d81621e5a5a,8
0x98f1065d6e94bc05ded3d3c1a55c41db1a98e293,8
0x9648258f27c45ae4b6c877e49a8d94de758de048,8
0x94c7ae2844adac90cecefcc6267e033682088d09,8
0x910a55d38ddb1036cac25f655df8fae010789bf1,8
0x90c24e7ca5e48338f87fdba2b5dded342703a18a,8
0x8e368015f417bb91592e1cca860a046b7e09d683,8
0x87badf0e33784a18ca101714b802c855a29eefff,8
0x8103e54247831647edd25493015dd9c8d40c1ce6,8
0x80fc4d4b2cd477be31da5b840177e7f26f2d8508,8
0x80db19f05ee9baf19276a7b92f613348a1a27d69,8
0x7e7a07c45c0accd1226b2eeddb6b4c0b2507defb,8
0x738a85fe89f77289ea5b4242773d5739a0a7cacd,8
0x7314fd715ddc180d1f4cd0fed681ee82c33bcd5c,8
0x6e8bfbeaec0a7a9fe660964e72361e3320a6493f,8
0x6a0a3624a6491db718d64660961404ea3ff6719c,8
0x68facf22af5d63c7508a3d1b4ab539541df59630,8
0x63a5020c166750b2b8b474b864713f2648044c74,8
0x6169258f2614bc198768770d9820ebabda92bc39,8
0x602686604e0feba815e74ca74584e5fa682d3c06,8
0x5eb328b5f11c0809a5966f889872f4c9b213ad76,8
0x5b91cf07fac386c173a5d28e9cd18d9d8fa5bf39,8
0x52e2a9734d81e0cf38d9bfb8f0d497119db98195,8
0x51e263d1273dab9b7a6585e08f070d0987a67d67,8
0x4bba092200b3be7865f7ec66f14f552dcc40c392,8
0x4ad82827ded26c245098bd545a561e64a881de96,8
0x49893c5dfc035f4ee4e46fac014f6d4bc80f7f92,8
0x468d71d2218babf62d337d32ec4f6df41d15f296,8
0x3f727009b869c28284b22cbe1469392b4382a1c1,8
0x3e2a22d535e83d60204a97b623e0c31f20ccf538,8
0x3bc1ea25ce2c3580cf56b52421d836fd57fbcc31,8
0x3afa0314a9c8748b64ed93ee6b413a5797ed9aef,8
0x3a9f16788477fe929997084d1d9d7c6655e42249,8
0x3a050972c7331e2255fcb5667a882f51e0df1893,8
0x387fb22cf929e1b7f7b03f25bb3d50fa4b466cfa,8
0x33c82c87432abe34e342528f94242a8f3cb796bd,8
0x32035dcd9feaba1042de313b6e700c287b364f94,8
0x30d3920442f5bc326b4f1a0ad2219cbf11c32d8c,8
0x2e5ee2e68b94bb07ead273a8ae73eeeda283b3f4,8
0x2b60989a14d4b702ea125b02ee5edb3058ca3b35,8
0x29f9ab504dee9adc43a4582c2f5e7da95a818eb0,8
0x1a8ec2ca1facdd158db7109ecc569c1545e502fa,8
0x18d2b6d72e6b7d4b69e05cb52e19c0902ed570de,8
0x153320d573e266d894e14c031f91cf8d1b63385d,8
0x134fbc91a8a0b7eb780c97dea17b8c1b0492c22d,8
0x091555c866adfd35c845bd7cc20d5fe4766e9cd5,8
0x08daef0c5b50ccb462c5d301c7fc8a14d98887f2,8
0x0699ef22bcc5e6ba0c2b780c1378c76bdded7b4b,8
0x031b8ece36b2c1f14c870421a1989aebe3d7bcfa,8
0xd182b793dce8b91346a1971a35c00c5bffaa978f,7
0xcbd510235fce7ff670656b1a2462530982726777,7
0xbd7851d902fba36ee1ff05af2d5e750276f9afaa,7
0xbb8bf5fe633e5a792e62faab778b88c1207be0a4,7
0xb414315c4d067d9d61f8728883b3c50e3014c8ee,7
0xaeff3708bb1d0d65bbead0f0e94bf45f8afbf547,7
0x97bdd765c51fa00abeb360a25be73b59bd9b3c84,7
0x943e22d186dbbd9a023d508b90d8f7dae57d27e7,7
0x7a8985e25bdb088642496f19c2201ee7a827419e,7
0x764e2f910cdd453f245d4acdd934a517843ac711,7
0x6f08311f4a45e13e8ba6d38d462e93281ea7866c,7
0x640458f64a7327c1a907574d3a0081d9d35ec39e,7
0x5be8326aadffb09137d65888adecda2b7ed3398e,7
0x37bf7e653ba1a5f1bb8044b6c8d369c84f4525ed,7
0xeef63fc08e27a5de0ea19dba36dc34cf92509145,6
0xea615348a66739bb09fb348cd9f709216bca66ef,6
0xe78ec945604f3fb25e1b04bdb87016c8e6cf3a77,6
0xd5c93b7e33815261b4e6d207f1f7573bc6a60962,6
0xcd7979e12e2a502a280270827077fd7f206f9a44,6
0xc2354137ec4d8688ea34cb56648a361fd74e2ba0,6
0xab2d7704809b24bffcc2fddde2712f59a1eda6bc,6
0x8d04383b83aecc0ab9d81fdbc79a231bdf4c76f5,6
0x8cb8757e6d9b51dd150f9abcf8374525c9c26aad,6
0x7f44fe06175fe484e2ecc42e5cfbeaa37af9ac43,6
0x37009c07f7caf94f55ea5cce4a79036ab645dc66,6
0x2eea91b7549d97daf79669fe2aae5794a7926681,6
0x134c2d86cd7439aff217a98d58549da30c937380,6
0x109bf88a214ff260ada100f07d9754173ce9099a,6
0xfbeadd2ba3999d6d769414c5091f1e5892426f94,5
0xea295a0efdd5ddc5ca11c6393d12a70ebd61a406,5
0xe90ef0f6afdd0499405daddb75506aab1b6ab03d,5
0xe235fd0587dc5f71d4c99e39ed7465c1c6eabd68,5
0xd449d86d2356535220c391f3368991f8c90c25fa,5
0xce6d1b138b8584e4cd88387f6fcde530689b523a,5
0xcc8a915adf748e388debbc33e18a683745f7f965,5
0xc9a8cdce1c1da4874dde6126802297143dfaae5d,5
0xb7bce78adb3a9670024868d0d7604bf11691b632,5
0xa8c33b94d38bc1e47ff0b0fd425ed2f329e4a146,5
0x9d72022436a1465193f0a771398928c7db32d641,5
0x99eb47b3641bdd6824e2dbd00716c8321a518b41,5
0x86c8b049f5dce391f29c4dabab8871c9445efc3e,5
0x7e6a0639246e12bcae93fced9b57041b5473b636,5
0x60ab2b5c60fca14fb6c471902225edcf949569e3,5
0x5ce51313847a9c41e66b8a338c5de37cb4aef7ec,5
0x4e44892c7f4e92f1b7076822512ca15e9782de16,5
0x4be707df3d526f523866510cf5250bed7674375a,5
0x42c18115b1dd5439a4a7bfe9f8b27defb4ebbd7c,5
0x368c8fe6f158be5b8c131caeca385f5421e168d7,5
0x35c1a287db72596db06d78beda4b8a4a0ef0a8fc,5
0x2b37a638a159d81f6c21517027b90eb5097b4ce4,5
0x1d48453975be170018c6786c64150990452d0dd1,5
0x1b02eab42a1004a6210428c5740fcf0cbcb5ca6e,5
0x19efcad57d9d5a0a29a50c1a90e7906c34052a38,5
0x0ee309e517b98de0b0343984855ead359ee9f87f,5
0x0e9fdd68f7b1c9e29dcfa1441437f902ac0ffe86,5
0x07a870a257719b294c517e5c951757d364be8ea4,5
0xffeede1aec4d032336d6064d4af1f204d05dadf5,4
0xf5b9d347377ffe2abf4b279e54d69557b4f39c93,4
0xf50d5f850a469615282b9047926268e96fa52cde,4
0xf13abd73fbb95effa1064e81951ce8e8b9f85e4e,4
0xd8af55f48476b2181c12b91685798472c7aa4c75,4
0xd616c3a87bd8d960fa86830156071623e75f882d,4
0xcd105d1566cfcaacca71f7326d7cdcea55afc347,4
0xc4154b854249ae979a48511a1779f40847884ada,4
0xb3903ad9a6147e0ab9c6ef2a1401344bcda42126,4
0xb10bb686126508275acae4db35b138ec97b636e9,4
0xaea886a75c2a47fda2037ad4ba876d1fd9d515a5,4
0x9fea7e9277f180e132fe4d4722b74b1658840022,4
0x9edb9a4c3a362040a79c49ace6e4b1b89175d52a,4
0x86db31c2ef3a2e8555a93c47c8506f41505aec70,4
0x786297c4947408e01a1a977fda4db5e53a09c461,4
0x7284d1214bc0901adb4239170b78df8646541539,4
0x6e5be80a74928190c78eec2b6d37d63c509979d8,4
0x676c80ec3234dc8f65aff973ec0b0bb3d7f2076f,4
0x63f4996c4c156d28a036a6646cc81c94a6f58bd6,4
0x4bc32dcd65061c069fdbef3f371c460e534afd95,4
0x414e88e88c5b0d0989e770f20e08fbd62de0e040,4
0x4059d31c9c0f578b701309c595671bb29dd4def8,4
0x2a44d42fcb477679c37bb0195c4cfb868412ab4c,4
0x24588627043765178946391d7e440802586a22ef,4
0x237ac1b67c94bdd7a5903e8a455937f7b22e30bd,4
0x1b9ba158bf82638e8b22720a54a28af4165fc118,4
0x1a0ab53d0473f72838e0eb88a34c6bdb5f6ff90b,4
0x114e901f37edd78c3cab73bc87f441b579d9658c,4
0x0edf04b0f2eed0ba2884dab7933b07ab54bdf985,4
0x0e15c7a3235e2bc22187b62e4cb37bdd134d9367,4
0x06f2ffe2e8f8c2b458aea145446ee3206ded6733,4
0x02221101bcf6f58b748fecd532a9fe7cd72d60f9,4
0xff819bd8b3dd527d788f15a8547cdaa53e1c915e,3
0xf9c1144a2ee3bbe25df9d5afb04eb68917568c5e,3
0xf89ac834a6e1afec796911b1baa0a4d0b12974e4,3
0xf82458a17e24f2660dbb20e1580644c5e5c5ed12,3
0xf793b77ea4a74564856715e1de0023c9f6770222,3
0xf6af98c3807dc4afe9626a504d1f4e45b4227c0a,3
0xf368a4e099f3ed40e211236e83ca4b5d463dd67b,3
0xee6b6ccd1caceed417052818b32258d9746c50a9,3
0xec6104654270b2667d0c9943135f9daeecb6a18b,3
0xe7f5a3d25414d39f2ed2d1165f47dc6630cbb7b4,3
0xe77b2073f19da72b38d3d2608f53b3d60e305df2,3
0xe6bcf3beb2f215ef23507e50bc385da2b30560c3,3
0xe50bd9ebd5878e0309f5af18644a82b9c1da3c19,3
0xe20949f9230810555221d2fee7107c39fc664acd,3
0xdf562de98dfd1f4338ca841e2af2ff6050b659c7,3
0xdf36947e6068e364ad7609fbbda4db56dd3ada54,3
0xdeee19115a04dea8b7754a8f9845d30b51379de0,3
0xdeece9b82b549004fbfa29f3fb4f35d40ee52577,3
0xddf6acff545b9cc64ba4c3f3d4c0279efad1f1e9,3
0xdb02f00c9fdd2937f68c714c6e9b424f7d3e535b,3
0xcce6cc4f48561c079096a1a254d051af7686c8f7,3
0xc8db440a9b03cdb005410747f569357df8e778b9,3
0xc7a83597f734f6bce96ec22af1d4fa64056710cb,3
0xc4537b52b105be012eb5e1010be6b09db9a4bc36,3
0xc0beb14f201e5ea703384eae034743df8dcc467b,3
0xba78cd28f7132958235d278ff3c5dc5e6d34cc15,3
0xb7a6f743963cb90658dcbe134f1d6f0418f976a3,3
0xb69f990465421d2d3cad336eb70cf1609b0c2157,3
0xb518e487bc2510a556d9e6bdaa387af39b74eae9,3
0xb3d21e5d32de6e1064be0ae84e3de00d76383c94,3
0xb35b4938f4a217d6f475f9639bb89c27b50fe879,3
0xac14ebabdc3966a074c2f0d70b6c6f93bb2385d7,3
0xa77d4b3d195b2f2945974525b67905ea2137c818,3
0xa50e5c715a9cca79e10b4925e314efa8b0e53d95,3
0xa2b333560f5df4c14d3789b9daacb0ebbe7642f2,3
0x9f3d4db501d3d149c20bede59824a22fd0ddb74e,3
0x9a86fc3f0066e231fb8b1ab18df6d3d0575b216a,3
0x99511b49c8452fd9a8463aa4cc2cc37921be5e39,3
0x990b2baab0aa95d3d6b23ce9383810121fe66553,3
0x98e675196f4b3ad9d9db8933b0af7d3891a01aae,3
0x9808f043b46317f89c95107ee62398e43687812d,3
0x97d187e0e967f9d04f540bca5986367e56a27121,3
0x97870b2806ffb9bec98bfefdc77eceb29d31e437,3
0x93f4cc3ebdfcdf4819928a4244ee602303645945,3
0x92850cd30e037d9891ba84e31cb36e9e98606bc5,3
0x91813981dccd12256165e6ff9a74d79298d3502b,3
0x8b767118387f45f0e1bbf6663a82008e285a2985,3
0x8836a3d029d086263386e13cc5279266bba5840c,3
0x870ba3908a00c252a128ac3a88d459630bfe4211,3
0x81ae2e64d19f020f4f3b99a19e31131b91b53481,3
0x7d2cc9a77c59a876158421652ff3f38677b18641,3
0x7b29cdd04fdb632b6bf7ced354d183f7d3f6ec13,3
0x7a801548c5d650ad36b441bc8b19abc941a57168,3
0x7951cd7e7da322589d5d244e012a6bdeb482c47c,3
0x7314197ee4f1a49e6ae38f5e336c66b5a624714a,3
0x6eebb86366121fb10f4d5764d0738c6452891bc9,3
0x6e2188ae16e78765f91dd09659984ec3bacd4feb,3
0x6724e4b7f267749aa21048697d25cf38d593d753,3
0x61a79fe0b48004c2d19a88b48a61ddf162d935bb,3
0x608fec387022d9337999bc5ec5bf805a1e5f9b58,3
0x5bbb51fba4ca1e8a7af09b568918bb890b81d620,3
0x58bd34a675288b6f299db29b62567aa5c091854a,3
0x57f3638513cb4101285389959c7f1d61fa63f18a,3
0x575ad254a2929837bdd98fc87913a4a48fd55646,3
0x54be41d452e95a7af3097c003b842167589aae54,3
0x4dea8f14ee5534311a275985b6b9e3b112d86b1a,3
0x4d09c9e659ed36b807b0163297fcc3c30c4baa55,3
0x49a1fed552ae0016c219d13d9a9230c1d9611efa,3
0x48ac2ebc792dbfc0b0c54b0527b0c50223b7c13e,3
0x485c1e4dc1f89dc2892940062acec384f289bc88,3
0x476288278ecda9a9d777c0fd64b589c7e688c29d,3
0x476154ff0a3adebabd85850ecf3379a4ff70c92a,3
0x442dde9e9db9ca4de943f63c4cb28a7530972da4,3
0x421ea54ec4d7d0c9e3d1b883f89c92f326907e93,3
0x4075e6fa111595387028efd062516ecaa4fe44e8,3
0x3cbde6e54c9d80c8b82149dbb493e50507eccc61,3
0x3b688b3555d6f94fb7ac1c11bf5f5f8a60aded38,3
0x39493d461cc533ea4ebb15cb266d1f45cda150e7,3
0x374574fa62c514be99566ac9081c2250e48b761d,3
0x3556ead342ee539b5a70286eae08608f6a5105ac,3
0x34301ef4f9b295ea011cbbe7d60c9a21eb7a98a4,3
0x33410f0821f26c00d393aad4cc106e98ad8b1f0a,3
0x3251cff14f920523b4546aa6225ecf9bf8548ffa,3
0x319b058d05d7d412868f619aca2932d16f46cdfc,3
0x31665102758e931cee6a68733830743382c44ab0,3
0x30c885d84ed29058fac03407576356ff0d04f8ef,3
0x2d9b14c0f3aff35441569b5118cbef570ca95c49,3
0x2b562e9fcb03fb2941d72190695064e8546ea1da,3
0x27f4def93508416c0e9b101a5390a9bebff02a1e,3
0x1f5b7748edcf1e701f94ed496e3d79c270512bc8,3
0x170ff69b3d32890261da864d0b136f8ebdb9fa48,3
0x117679dbd796cbb79edd6f695e104db31450c32e,3
0x0de99da57d26193586e5f49866b32d080d5d801a,3
0x0d031b4bfa7a4fc1398b3ded76c168a08920efc3,3
0x0b9327ab0e96dc354abd192082f5323d68503b36,3
0x0b2c65e94fc75e499dbf792b85f8d0a03ed53fc2,3
0x096d04aeccec7427d3e2a920f18c0f91b41313ec,3
0x041912ad16b00a47e2796727b9a74b6191f9e937,3
0x03b8d21306b2432ead0ae43cea756e0ac4364bb2,3
0x02d1931aa694af8540e716d395d6fc9147e71500,3
0x0083e085e488dc21962b125f7daf6ccba239354d,3
0xfe45e11da81a9d6c6acff998807626a591091181,2
0xfc07ddb8470112bac4480fb7df63e9f575f620cf,2
0xfa3e34a060d92b4cb6af21f101dcbd362c4154fd,2
0xf91acb9e906294dd5de6699570bd026e9cdff7c2,2
0xf62fffdb22bc5fd02fd0caea44f01fa5e5a555eb,2
0xf298ab59a89b0167284aaf90bb87a13fcb1567d3,2
0xf103bea4d4e31d6ba78721cc7b49aa8e24908992,2
0xef4b0e8b0cfa59ed3be6c1e816e53602b1545a4b,2
0xee899ae0f5cd13e4b3130d23d69a4572fe6c5297,2
0xea596263862867b0b4003ca2c2a0db6bff54b67f,2
0xe832c854e94895e1ea3803713655cdbfd9eff5bb,2
0xe7c4cfaa6ac70ed0e27d98d22f6e2df073441db4,2
0xe754e96725742cec68e0b621929dffe2e2cd67db,2
0xe6010f10b07cf186c2de32c8269eb5f2cdbf36a3,2
0xe4fc4b582a2729745d3c5b78286ffd8141ca777c,2
0xe4d5916dd30488ee853096dd102199d5fc7aaa56,2
0xe4a4e0e90204348a4d368e2971c91cf89c645da8,2
0xe3d21b1c63edc070ea93fb8b29cc05f10a2aa9e6,2
0xe2dfc4941a700402f4ff4cf765abeb5c97736c43,2
0xe06c26131f7711c0cdbfa9ebac240554878943e7,2
0xde5614ac7d1d6af5a0a4dd93253ac169d10e6c6b,2
0xdcd49739eff634dab9394d4d8f7bc7bd1b8bfaab,2
0xdc2da37e7b01fe04efd3560307e634e736a0d251,2
0xdbe740b32f612cd545c3775780d6fb0fa8a891de,2
0xdb9ea55c51e2ccd76dfbb096fa4916076e3c3a4b,2
0xda64a3e664a0cbd6f754ad0200f813a07c102e13,2
0xda3ea8b1e59554eea88c8119c3c379cd6609701f,2
0xda15ef348428bac688cd560fba6b952ead5aa3b9,2
0xd967ecfb440fa44d2987a6192acfddac2503bc13,2
0xd87204bdf5201b3b6cdd699bcdbc4c198380544f,2
0xd4e98452261605d721efdf101d88aec6d0dc86a7,2
0xd2a5f4225c4fbcb3e5d76c404f9a21fd773c0ded,2
0xd27ee703e218631528d0190754f142b1962a7d30,2
0xd247b995de7e4d87f05f6dda1268d7771998f903,2
0xd23daf7741d93284309635dc62e301d28b37fa0c,2
0xd1eb6d6539de0dce661bc7e79b26eaf2dda3507d,2
0xd1a21d0487a4e24fab1faeb30c3fdb68df03a1b2,2
0xd091a01ffa7553d9beef9ddfda03f520bab1ec01,2
0xcf7019ddde5612373d52700345df7b789c57f9af,2
0xce2d87246a48a75b17db106c9a0f81cce103524d,2
0xcafddd0ade792844f49a725b87296db2ae817a81,2
0xca945b54cf25d273efe6ccea9cc2edec1951fc6e,2
0xc9180a368077df8ca392dc9faf9345d59d46d049,2
0xc7ba4d351c1d72b1daa4c04da0d9c654a9f08054,2
0xc7ab60370a0379904be13e8168685acc31018343,2
0xc6864c5036ee51a8b0e6db7503ddc06ef2263ac7,2
0xc65ba4a15f6d12536c59d6faa5d4eb7fa49b3bd7,2
0xc5a7afc6901810999082e4a5484fd585bd85b4ee,2
0xc53b7e40952da275973a5e96789574f9d5d0225f,2
0xc42792dc89cb01773ab053cb569aa52de1f6d34f,2
0xc17d0c4797a140c7f617002d8ae68639f2af86e8,2
0xc0cf5783827bd3bf544c9582e7f6f6dc9f971258,2
0xbe59a7058f1121fd2262164c1ca68ffcefb35b96,2
0xbe55df15c73c82a7fb563b6c21c91165fdc986af,2
0xbe3f82034778fbf474060f7d4a032f592559ab4d,2
0xbe2f8de6c6741bca94b983ed4e1609b3494ab047,2
0xbdfac673475273bcba2fec99f03ea0ceff7b2269,2
0xbcaaf674783fe2585b7930af20ff7435dd2b27cb,2
0xbc11734b9f47af0916d1b1f28d503e602fe8dd8f,2
0xb98d2910a337353bf14e6d4667280b1005b34c2b,2
0xb952e7fe0a4cf30b23ab1521f1205daabf58a71f,2
0xb9522896be079dedd0f888578ffacf3e0ded51f1,2
0xb92246136f049607423b4c986302d407aef91a17,2
0xb915fcdcff81e9fca8dd4c143ce0702c5182dec0,2
0xb72ec7c52ef40e0197b3d946984c8b20f4bf15ae,2
0xb68cda0b9f8b0a677e32e655a1011222ad089e15,2
0xb5a03149dd32cc7d2f0652a7c8da2767a911dcf2,2
0xb4e22277afd9580b8e198505b9dbafd07b2e9943,2
0xb4be08e6ee648055e8f81586c129e39588790eee,2
0xb48fc68a0059ccb9d50a7fd855f81f3114a4f3a0,2
0xb352642a873ee4d3b52221f51ce7072b0f2c1e4c,2
0xb2af2bddf3384c5d8085b4473e4edd1e4d2e6ac5,2
0xb27c8f65db59eacfb89c6fd6100c3fa172d10449,2
0xb25bbbee8d58015a5415ebc0600600698d1db55a,2
0xb1eb4f98a51ccd8f1a96733d9422b84d5f20aef8,2
0xb083d214a934f556580f850b8dbcfeccefe8ed8b,2
0xaff1d7a6f6ace00f9edd93feb7609bdd484f4453,2
0xae99b271c373aaa88a56bae0446e6c61c93fbeb4,2
0xad88b04c8316ba080bdb148457cd1b5b03f3c82c,2
0xac73d0bd7d2a5a15565472bceabca343a8eb5a35,2
0xa8c235795fa7dbffd6097cba9efe7141dd49c546,2
0xa8b89841a7ec6e12d991abdf04a99c2fa3b98026,2
0xa84341e4d9aecd8f867172ba8ee9fd6dedcd19f7,2
0xa791f19b1d879278180a8d42cf6cda4508e39c5e,2
0xa64feaa3ec34d0688e01f9a9a3fd5bc5c7d79622,2
0xa5727b7cbe8814b7752f4c86d593559d4fc34740,2
0xa1b6e0160821fb8533cbe0c7d8409e97927ed05f,2
0xa088d2f811fe9a1030d7e38d960f7fb3dee95090,2
0x9f60fb394d551d329fe622c7eab2f59ffbc83fa8,2
0x9c5b31cb00672ae06f22227c9ea916e09463e597,2
0x9a145b53efbcde4c6d31ad1ccb43123cb2e1295f,2
0x988881b26fe29f1c1ffd5f5aab89b13e11e55200,2
0x981f1128df8dde13df267734fb180168bc555530,2
0x972d66d14cea8fbabb45c5d60d3ac4f19dbf0479,2
0x948fba5136703092e8db3a0cbf00120c625fbfff,2
0x945fa1bf02dc0ab4b501c898453d4c36822b0c8a,2
0x93f95a2cad6cf3cde8c2443d81c89e85e197cad9,2
0x92b71d3f29296a0d7105764838fecee6db99b476,2
0x9153228dff3ffc59e1c4fab1b2779b7315e8c9df,2
0x90750bc4f32467b7e80a2bc7e6d256be31720fdf,2
0x8ff55976c1d5dd11468f25c6263abbd2c2af6408,2
0x8e4a0f559b93fdb9604fc1c00126868f3df9a919,2
0x8d04255ebd99289d37209f837b40291b806186bf,2
0x86bfb6f7a7961e633aea7849abaa192bd07973a5,2
0x859c3fcb566fdef6493ca3dfe454a7052b28098d,2
0x850e0b322662ee767e83bcd4442b5f450c709166,2
0x839870b454e3daa5cc445bdd498cd1940a2b41dc,2
0x81dbf38dc72684d2294d795054cae64accb8ff15,2
0x7f9012aa2aa70e69d2c9b3a28babc7480e090224,2
0x7e89b3bd687e8ebe75c05c1c19a71f6d1d2149dd,2
0x7c52a834282178ffa53df92b2270c9f5027e7568,2
0x7c31d59084601c35ac757e3770bc06db7a9aee6c,2
0x7b3151b429da92f7e44280bdce62d629107992c6,2
0x79f80a61e00f8c70bcf5da32d4efee22f0980ad4,2
0x78a8879025d0492d02103d5f5f886d0aecec9ed1,2
0x74f804e29b7c33853b838658eef10dcd2621f2e4,2
0x732044fced6840e3291c49a6f54883da8d7cae4e,2
0x72d3e704a7e22f938c80169ddba782a693c78e5d,2
0x70d055ea62f7a5580f77d69bb684cd1303b1c1d7,2
0x704303e516829c69354f886aa8ea326594924438,2
0x6f0c6a03b9e3e22032083d14edac172780a31432,2
0x6e19c02267343a1e3e8d5d554bdb4dedb418e51d,2
0x6cdf8cfa5797ed96efdd085057263d0e50de8f16,2
0x6a22891951e201e49fcb955edf80fb3f8e384117,2
0x69e7572276ea7a82ee2326c17241954cca4a1b74,2
0x6766a0a9d33a171e397bf452f45d74d546a0564b,2
0x6708fe901ec0f6a1f8c58363bafbe86b84b2749c,2
0x66daf286d7b3c6a2201a35d88604366e55716228,2
0x666db4bd83c4c9526078651cf0a7e046ea7c97da,2
0x64f3248696953729238b28f73405b53a526b13c2,2
0x647c281ac63ef6f0b7775d7ebbd0ceb0bd14f1a3,2
0x63ddf1aed5b6ad33c0c0c8db0e9d4546b22ce719,2
0x639a28afe75cbdf6b1309c4b049f5e585f387be3,2
0x62277c3bae99063abe90410e1e7a5ceb19cb7882,2
0x5f2a89124b8bf0964eede4339d564d107df74eba,2
0x5cedf423c99deb12b78451debe969094e4d550fc,2
0x5cadccfd488e2b919596e2430a7ec3a6cc1cf2ea,2
0x5ab326a31b48faac615927dd7068b53423b32d8c,2
0x59fcf911637815b72fc1425dba0f2f6c222539f4,2
0x57a8a952d2bec8e3115add60d0f86a94e40714a8,2
0x55ab907dc61a48b8bab5b3aa79deccbd630b6fd1,2
0x52dee9c4b0e085e90c5e5ec9c150ce39f3940935,2
0x5240b2b1cad7ec9d471fb834d40d17bd193d00b5,2
0x4fda878e76caafb076d285c9b1d874b8d2f60152,2
0x4f3095bbaf73165664217d4dc757f8aea95bb377,2
0x4ec9c506097989953862a3ebaa763ba69a903e97,2
0x4e1b9a951e50f494a7b13df456a28ee0f3822bd6,2
0x4cb2b1ca12d934e4676992d2224b3864917dcf98,2
0x4c3c832fb4ef3a3dabb563b29266d74902ade698,2
0x4b661f40c781f2e7ad08c2f7bccbba6b82e8e016,2
0x4ae1c7688eeec7d0906ea7ba38c6bee06de671a4,2
0x470689caa8745ac4cf8a7289343a49224e4160db,2
0x43faa04874bb81744d2574c10fa1a59ac20ef92b,2
0x43d7f79a89d335d781f3be8f126d117d0a947234,2
0x42f5c363c6b254a375810a2abdab4bc30388e7e4,2
0x3f5c556e8d4d1b3d56a7bc16335e26665e323c27,2
0x3f32ce23cf5ebbdae51f31e0811fbb41bace63c1,2
0x3ed8ede2c002fec108e622ed86f7f9bfe1447ea0,2
0x3de5fdd9d6b4cd75f11e3c7bdd03d33b1d774335,2
0x3d138406534f311accb9304232f9c932056ca99f,2
0x3abf29dfe60f172f74a1fc67c45ed31bf94bdcc3,2
0x3918d8f6eaf5b3bbb176552aa0e6d4195dd9186d,2
0x35c2418616de69ff71b9914e3e5ab751e2770dc5,2
0x3559592c821b2a7851cd3b08d331fe1b4725b5b2,2
0x34fa1d4cc23735f72e38a44c6beb4bf066862720,2
0x34b621d42fc3bec23e86ec6c8f47338f913b1949,2
0x34a58c7021ae73dbdaa0a0b65b94d8b447d7d57a,2
0x348df26ded0076980ab52430410527c72c0c3b96,2
0x3460fb6fec6e51c4315e2e799b4f3e1810f75901,2
0x344f9adee9ccf5c00fc75404c8538f6c4119af6d,2
0x317647120efd76cc06b6f207b714ad6fd514bda7,2
0x3175e6a7d37df649071610970c9cc30a5143bbd6,2
0x30a1336d50393a40fbcb7427e0617bed251a449f,2
0x300bcab13859c3f27bdf1ef950748b8990c48c4b,2
0x2fc290d71dce1ca56d23358a28f9b0bc129a8d71,2
0x2f69527b887ebd1371fec590577285fc2eccb4ec,2
0x2ee3e3c8f21e8f8791bc2ee821fb122a4cac62bd,2
0x2eb6c026e5ca882fbc941bb42c6cc16aeba2fda9,2
0x2da5803d64a526a775c4b4b51c1c3db90847b811,2
0x2d5e390e661c1e7848ad8a6fef4cd791585fb13f,2
0x2a41dcd345917689d48d0c96b4081ca87432f5b0,2
0x28428cabddf9a81b443145db6efaf52b38e3e1f8,2
0x277b5f74f104e5540b6358483c5b2fde49e6d53e,2
0x275dd4bc641d8e5016b4aaac2fc63905ab15f1f6,2
0x25628571affe5e2e7c599d4ed0412e8bd94f85fe,2
0x24174b22a82d582294a16292aef157d1e4cf309b,2
0x23cd1d3b13b7d982f4e7946d9aca745dd9e6c96d,2
0x21faf7f429f087c9158044ff66813af5ba9941b9,2
0x21b465895ae8713d985482e0bb54d9e834b663d4,2
0x207f67bc73d6954049d82f91812a48a5b833c7a4,2
0x1ec4cc7f8f40fb99d6af49a444955dd2f4d1e4bb,2
0x1e466830b19a0ab4e5e612ea71fab8dc6aab00e7,2
0x1e1804fcd2e0f2a1407d5c24746390a0ae572760,2
0x1da534a482d52bfb854de6d44f75188758ca236a,2
0x1b6ef117b4e1706d96891ac0b1e19ecbf3130d5a,2
0x1b2c0321cd661420fedf5bbab798304cd354819d,2
0x1a7c98fc45e9ebc4c3f98a788f77524bdda6a7c9,2
0x199d68f140c3dec500f80b0198ca7ef55d5e587f,2
0x1895fc0f1fadecb42a5cacf9101e0283f66b576e,2
0x17c3a0d97ac1d378228190c1a2346afe29831c76,2
0x17aabe719ce473899655e4262a677ffc59555c9e,2
0x16c4ed4e7ff746786008c29a80a957d2d792910d,2
0x168ccbe629b6a442208aa03528ddc472feba7546,2
0x167dd014c07088d250c820f33b02f4d40b4985d0,2
0x1567929fe9a2aea9c4bdc96f14df40e6a4d9c530,2
0x1308e7b9e6c1123be49986da096b028ab57bc492,2
0x11c45b1005009ad48b229d895b3ec71f3360e562,2
0x10b0a72ea6110a4b985e21f62c4e30d09ccec89c,2
0x0f49f8d3db023e9f1e061c2c8a69726aaac18fd2,2
0x0e20559b586c18d4f2c9fc5a213e6c3219eb1166,2
0x0d0dfc10b31929e0af450489b68e8e3a12c6476b,2
0x0c3a2e9f36326b72626485fbf7eeb0f2e9d92f0c,2
0x088a894e57f20e6a3ad7ee28f4ea2ee54e63335a,2
0x081683e69dec54b6379a17d9a391f5a29eb57bb9,2
0x06b5f21fbf3ee5898d857ee5f6fcfa204d085d43,2
0x041e17f8d0d89288260055b8e9b6ce98642efc0a,2
0x02eaea736836102819b0974ca891bd6a41a09cae,2
0x029b6027cba6d8bd4de4f40906bad2f4c30a23e2,2
0x01e177d272b46130e7956845dbdbf2582b0bca20,2
0x01b1ea37d19a5109d0c301b091030dcbb8d22774,2
0x009b60826a0301830b13f0900315af57f422ce62,2
0xffd851cfe0a50e1f1cf2739fc6d97754d49943a0,1
0xffc4a5f9a76c7ea43a5519891b48081df5db5583,1
0xff9fc7462bdcdabb44610e5526f9492e0f048992,1
0xff79c77f55d36f5e37fef08d0962bf62533e2a4f,1
0xff1215b17fff72fc6191e1e266a5f86b14b68143,1
0xff00c00433781b7d82ba1c24a1cfabb13e0d803f,1
0xfedc34f733d64a0f3916c4b6eb8fdf880435b5f1,1
0xfea26313506199a311db9a43dbcff64dfeb62e5d,1
0xfe8660ab6e4b738adcd9e080da6f4ff836a5da1b,1
0xfe64ac400816b00e596910b36816a9cf691b7293,1
0xfe5608bdb64029cb758a4f757e67271b7121a56b,1
0xfe51850400b4c9255108b565929468225ab903ef,1
0xfe1bfbf7ea496790c3a27c1e9e5cb75e663b0ff6,1
0xfde2e9a00d368f83ac7b4795f5490a4b6c11241a,1
0xfd7b97967ed2f04c8d49d98ba65e9addf3039224,1
0xfcc15d3ad9d5d88f1f5261b55aaec043be7b2719,1
0xfbe602b2db45d1938f3dffabf29c6da23b7792e3,1
0xfbcde23ad1fd7428863ef0fc1bb8195bc55f41ab,1
0xfb7387cc1ff8bab5b80ae727435ffba014a8b078,1
0xfb3e43f3b1cb95b26afcecb8511623fc9af27c26,1
0xfaeb15acc56dbb692132e888283d3fc0116c68f9,1
0xfaa8477de6337d25cc855617e894907b82acfb97,1
0xfa9518af50590c72c482f291cc6520e4e6bd7eaf,1
0xfa232dc0687ac0a5cdc58d1d2483c6e3095c31e8,1
0xfa11a5544d529682d0e9c84f7491af2e4379a873,1
0xfa05bacf11780b5d6c02193813bd1270c90faad7,1
0xf9efd243d7db6d779e62cf8dd12de14547b8cb68,1
0xf99c4affa82b8b73ea40b3c0506c4b67cfeef7b7,1
0xf94e26a83a2d16d5ce573e45813eb738293f3b4f,1
0xf91422115e68c0a9f35904c018fcf648a1e53d12,1
0xf90aa639e29d16b8b4bc4f9f67903b345f293288,1
0xf8a3210cd9c955916f1f16072d2ca302b8a713e5,1
0xf8763e0dd62f66070c67257125e0dca3a526dfb9,1
0xf80f6bdb25d3e49034c47e457e9f25c9a46a2369,1
0xf7be5c6d2f3cd5395b4df9f15a613b803f7a682b,1
0xf7a38fd0be9a2734c587176b4d7e2c87e2b32a15,1
0xf657278efeb81a48995072cb51d95e8bd96cff92,1
0xf64583641d08319e5133f78b7c1ffd5ea63d4b46,1
0xf5d446317fb8262e7a1a2ff98ed1cb8a55c46d31,1
0xf5c043deb701eeb3e05a9d1a9cbb1d91ff752a84,1
0xf5a1f36d605c393fd893e637bee4aa488043ee99,1
0xf585d27cdb7cd35f4490e2c417c0ebb48fb95ebb,1
0xf56f1ced71aa44fe8076cd36fe28f53757be74f8,1
0xf5493d28b94521fe392f640aa78df3c68531964e,1
0xf50e0ea0efe44c4562ee30e82f409eadf26aedcf,1
0xf502b82fa2fd9b9687d919cf718cd17a1f9ed33e,1
0xf4297ab1c7969ec18fd7147d4c20c1866e669cd4,1
0xf41a0b1b53f2afcb7da00e71ef7d4813692e1f92,1
0xf41542e3235855b930c4364f32354eec0c586724,1
0xf406b4e97c31420d91fba42a3a9d8cfe47bf710b,1
0xf3be09f4771b96c283bf4b00ea08942a0f9f1fe0,1
0xf3bdca5e6044a9388e1e56c1a5aeb2e54054d70d,1
0xf2f104344beed2e635202eb16c8e13a59cf09495,1
0xf2b686395fe9ff87c26c3aef61d16f5a0daabaa6,1
0xf1bee8834c4745726172dfbe9edc9ff08ef2245c,1
0xf17d9967ca5ff8915718eed758946206f3dbc1a7,1
0xf13810024fd2b58bd906a7e221d53337ea7ce5d3,1
0xf1339473885152ac6c5b3342f033ad2a0547ad79,1
0xf10182c5c9c53ecce6b829c4888d1165a92ea10d,1
0xf0e117936a8a1a16a09ba7b3ee3e8a8af5aff1c7,1
0xf0d5735b074ef4d7eb5d7541b45ec681c87ea9e2,1
0xf0b02c29682ec075180d5ba0561556c1efd68cd1,1
0xf04ae5e7e14f822d51537c572eaf9f2939b41e82,1
0xf02abe7b91553bbaf0cc096d0a4302ff65b7582c,1
0xef623407d4ddc88f5310095c1a1b443409869252,1
0xef058dc18e23a04e29b174169c3eb21ded93223b,1
0xef038708eaf73a59413bd34526e942985de11a8c,1
0xeec972e301ca847018fffc2f5e6f69de9329da5a,1
0xeec0d157427e7cca36aed61f4bd93a08ec326de2,1
0xee4ee222726c9cf12afce9e264632a88c698653a,1
0xee30a4908d8e76c229ed3d64267149c7a2938b27,1
0xee2edd58520b1b96150cc930c947c9f155bc3aab,1
0xee19771eb99b33b42881eb4bbaf6a29f4a43a4a0,1
0xee0288fe314d44229cd7c280d5a45a601cdb0e5f,1
0xedc51272d45963f2b36323c43564ccc8dc8655ca,1
0xeda78958970a3a932bf91a504fd757e2a1975e6d,1
0xeda52cd8b811970c58e460dc8a6920a1a11221c3,1
0xed956db801a31ffedea22f0d2db2e56d4401a56b,1
0xed916d9ad90b5416faae144ae9b1fdda98423749,1
0xed8fcc079bc910a4329ee29e0228005a38b53e8c,1
0xed89392847ab626964c670a4ce3a9520466da023,1
0xed7af473a9ed5241eb6aa474abe6ebe23fa8480b,1
0xec973f905a8308bd2b3d7115d4d6c3e43d99d71d,1
0xec72d954f2dfd63f09a0a173ce089900b7a24543,1
0xec64f6c51fea0fa3c9be6c2cf62459297876e4b0,1
0xeb39aae8edabfeb152513da4b2be1ee260683d94,1
0xeaf8a552b78c17c05c0b07cbef28bef1e9c46828,1
0xeae89e8ced8ee71b064c3601e19e253605b988fe,1
0xeae53611f14395c30026748496d93bfaa2ce0b1d,1
0xeacb4a9053ad78659ac30021bc9044034ea00815,1
0xeaa45bb130b94f8e45f8c7b9aaddfec2683385d0,1
0xea9d6a42501b6981c609c4f4aeaeec8f6d0c4e4a,1
0xea85283e121bca320806a40feca029999627904d,1
0xea7619909ebdf3cfdff7fd1f4c69e31682b767d3,1
0xea6841b6bab2bc34d571dbcb7d5015ecfcef189c,1
0xea1ec836bbef2eb98bc624ed3ce35b0106a5cac8,1
0xea1989b48291553e7c415d3ead03e0f477943bba,1
0xea04812dd7467ed61fdf3180ce6271e8828e72de,1
0xe9ad5914b48f21a4f1f69740598a6118471b76ca,1
0xe98e5886dd1a0aa37ace4af61dea2f5f064b4c13,1
0xe94ca2d70d1d8b8abf6e244119598bfc9536eca1,1
0xe91b3fb3235f52c27ae1919a7ef2f761e9fd58db,1
0xe915453a06cd2143b3fcf1bf7213140c0f29dddf,1
0xe8ebfc2cca6684348f7f9941334468faefe00e72,1
0xe8e591d3524b988712bde4b4c1b7aece6860898a,1
0xe8dcacbe1d371f12e87bbb749c72bdddea76abd1,1
0xe8cf2e0ada1885b7f34b4281e48073a01071e645,1
0xe7d3efb547ef5302aa7260773fc7a5d63cd7bf15,1
0xe7776debc0a8459b6240daa1f2dd6fe276e1ac22,1
0xe76f0dc9600746c354a8f14cfda36cc54c38ce57,1
0xe70e14819cf9695b3ebd5ca86b4f580357654e28,1
0xe6a92164de7f36a24dad67c52b97b0c8f39769ba,1
0xe62f98cb0a7c921ae134504d0cbce658c1c0ec6c,1
0xe6289fd66f74b44c1671a5486ce9877eef797f8f,1
0xe59ba55dfa77d29a1fbf355237a2b8e8c934eeab,1
0xe566492d8731e2d3f6f87f409abf1d5958dce255,1
0xe51ad88bf7f9066162f425d41cf911c4fe1fac01,1
0xe516fa8a0b56e0939253cb2dc26b55228b1bc29d,1
0xe4b7265ff8633489d15d91cd80d9105770d88338,1
0xe49578bd83ad213bf3879e10bb492224ffa0d63f,1
0xe4711ade066100d34b7af6e4b0e63ebd9dd84e7c,1
0xe470c6e98382b5e1337c424e2f29eb44194c18dc,1
0xe41e909ec6db394e434c6b5b1bdaa22173239d9c,1
0xe3f4784c251876a0dadc2f4534772cef71097e00,1
0xe33b5a2050d9060f9e0193f8d860cef313492727,1
0xe3080b81703fdfcc069ef7cc6c03c4b1f0b83c7a,1
0xe2f3b74fcbc0567a1baee792852d756b9e75bd07,1
0xe2edd50898f1799169ff48e84ca268f8e44d94a4,1
0xe2e954812dd8f3b80c580c8842e658a4d7dd35ca,1
0xe2e8ace399abbd777aaf27376fcdc4ae66ed1e2c,1
0xe2ac6ddd4f189c596af4426b43226d749e66a2a4,1
0xe1ec5d26e7c6a667ba4f2e24c6abca4bdc3f9ae1,1
0xe1e4fc45e63a8296947b2cbef825ff799511c119,1
0xe1482d720065e1ad0609f887e2a9797bc1d4846e,1
0xe142bcd425b189066ad22afc3df781d2ff8d80de,1
0xe13c94c135017b8a7a21eec1559b04674340890c,1
0xe111da4fb5f5bfd6aba5ccafc907e1e9631dc39d,1
0xe0f1267fe22f0e071576b52fdb3b3f2f71b55e80,1
0xe0ec274a64cb2f55453e81c9367bbba3c178ff09,1
0xe0d9f1e5cf4cbf9c6a23f30dd67153fb3fa9696d,1
0xe0c605d64d23d58211c547ad63a9a2c3c06cd1be,1
0xe0a4ba7a831586213e613a170c0c5d69166c7b92,1
0xe03502977494939fee6f6a346301d5cb86b956d2,1
0xdffb2d60e5ecb233d448239988d3a6fb6470a8d6,1
0xdff97888abf49a11f3c42fe0abd9e769d821c6ba,1
0xdfc980402043dabfd20689a19b99d7bbd3201080,1
0xdea81b3efb336089fb6198f831d29a6ac06e51f8,1
0xde79cbe7b39b9ff75890f76d7a5c8ddecbf6c6b2,1
0xde2d4516d11d32b0b219521b6bde9bf5add494af,1
0xde130af72122c1cd95dab3d55546427e0d81ebed,1
0xddcb927f493ac85e30afa9d5e8323aa431eebff4,1
0xdd112534be4ec0ff082d4bd437224a428ea0b0c7,1
0xdcd051d34b88d52cb9fefd8159434ee227990412,1
0xdcb4b006021f808e4bb7ef8374e6ac58d4ced937,1
0xdca22320661b6a9a727ca9003457037dc5502425,1
0xdc969a1a4fd2e32a5a32d31707fef683a9f71076,1
0xdc5c558492120a1b6f98c3a2bf725b527c1803ec,1
0xdc4fa6fc7c7b8ec82a06dd83826929a821c76c0d,1
0xdc428bfbba6016523eb9b6e8303d80be8c11f956,1
0xdc21343056b6ad4b56f65ef838f9b3bdc5a8b749,1
0xdc0aa46adc4025cba542c6b878e1c9e0035f8655,1
0xdbe9a3735686c19652c58015b1b183a3272091ff,1
0xdbe68685dcb99a39eaed2071aeb571da5b310588,1
0xdba2c41458d88e0523faddf80837f0084d263603,1
0xdb7c2e62b6c44f4500d9673f492ddea079081da7,1
0xdb3530de3f4d5534a291141ee18b709957b21202,1
0xdaee967c713167161311917a87fb3489c8bc0cf9,1
0xdac026c5fc9a44b96fe63aacbaca195b64535541,1
0xdab54e5deb3b7fcaf58139913afe29e4c4fd89d0,1
0xda6c0e1b043dfa40fdace4b910bcfe0fb8bf7b51,1
0xda103baedb1378e22d1e810f2c0773ffffb6deee,1
0xd9cf36839c88d975289734b2dae15b6f68248efc,1
0xd9cd95782869ce8d61698e6bb7f4cc4c2641eb90,1
0xd93f65a4171e83b9d15f5f28ee3ffd5bf5144ebc,1
0xd9177e001172bc86ca7fa1b039d9c0354055c277,1
0xd8bd849fce609d5046d8029f17ef7c4ad3656718,1
0xd8940f81266ebeb3ff25841e301865bfc379b649,1
0xd885cbf61223431c5ca788d24df228f2419877a9,1
0xd87f219685ff2a4e37fd3bfec61db1c43855a098,1
0xd7d0e90ae4340e604691dc0da31ba0dbffc3b037,1
0xd7c68eafe9bd6780b7c3c69fbc18af7f650c1679,1
0xd79258557e44a7d9ca8278c4d7ed73615d23cc5c,1
0xd764524e391d8e8b9b46799fa32855331b43a2b8,1
0xd7254d89a285430b3ff6b7811c1abed92956142e,1
0xd7203b5ef91a35fa271f2b837c8206739f82e2c6,1
0xd70c08ec0a33ab251d0769b2eec82fe4279e0958,1
0xd69387e8dc75728a118f7467dc56d3849226e879,1
0xd66c5fc960550154495a4f9949da2b9fdca00558,1
0xd6247734747234345013b42c2aef44d79f60074b,1
0xd61888a1da557d325a2a7227bca6dc303f313617,1
0xd556715e1c7b9230f49497ea52c2747387f7ccd2,1
0xd5547af73c3260f9fe1d0ecbe0ce321d64737004,1
0xd5284bd4fbef4e67c304bbd95c6ea3d4f440d7d8,1
0xd48571be390739be1f82d002429ba370c7cb5f78,1
0xd45b7ffbb8c5171f589579e6eaec9b94dfcb7582,1
0xd43344d6e78b8dbd0e68e7d2ba3ce0262f243a80,1
0xd36f77667bf7d7f10bc318c923efb9373d7470b4,1
0xd3259b73fe820e991d2a3315cb73dacff2fa98ef,1
0xd3118fc990a2869833b14102763facf19ce9bd7d,1
0xd2fd1f2de57008444f0c158185668b07390f4506,1
0xd2c431df65daeeddd998a62cab90b79255d41c7d,1
0xd2b41b2209de76ed2b6224e9204248d055ee20c8,1
0xd25f186ea47195643ef108fbe93ab82f6dbba780,1
0xd23c34b680b07a986fcb9a406089ec06e270c0d1,1
0xd21086e7a892a40ef4a9cad16b0750276ab7bd46,1
0xd20731e08c51acb8681d2643fc21a4ff7b9840e5,1
0xd1d45114a9a3870e2325c52c45dce49d48527423,1
0xd1a6ac4f7514155813bea30272be59d041aadf42,1
0xd174865481301e55fd58db9cdd9df8f46c9ce8b5,1
0xd1453c1310846ec5ba080fcb1d3e128e9d124745,1
0xd1002b001bd0095646c9221bbcc4406be23bfa53,1
0xd0c42f07f3b26bf806555aad44ac17d96ec30673,1
0xd0ba471bdcd1f2b53491a92f70da2191345e2256,1
0xcf2bf146861d7035325ac76b9b5e680549c50a67,1
0xcf26071e24c62e3bc23e417234e6715285747930,1
0xcf0722f0f8d164529a1aaa4280057103daea8007,1
0xcefb17528ac833a1f385429ab4d934a897a59421,1
0xced096c8dc92c3ba205deaff9ba9753b7731d35f,1
0xce9de01156bc1281bac9254e49ba5d325bf2f6d8,1
0xce6311d333be201b92a889b599cd3c7e9d7a4da1,1
0xce3ee35ea4110f0faa2ff3ed78632919d4cf6d80,1
0xce134a088be979567430d9100feb0b31970f7de4,1
0xcd486efddbca4d4ac9504f4272a7148376b36e94,1
0xccbeadcf167ac86a459c1430e7380410d603f3be,1
0xcc8378bf4032507f0884d5f5a01c994a00e11f43,1
0xcc7aeeb7320d05a03a57e228e21ed8d3c0b2a81f,1
0xcbfc9f37ab0c906f4e24871a946d2d5c239c7510,1
0xcbb81e89db1adbe62d48af04da022799d624056b,1
0xcadbede22ed7b608227be830d1d1324fee7d3288,1
0xcada922bb3c87234c633ca77a1a74667d3613a42,1
0xcab9a66424b78153b8484d741db6024b8daa6bdb,1
0xcaabfc425b8e4efad87e726ff56c2d794105a6f8,1
0xca79b833bacd9ef2368366f820da5889d257e480,1
0xca657bea548090d73bfcb9fc5377a8129c1eefd3,1
0xca5759c54a56af9632b378393acc059d84a49ab5,1
0xca1e14a6a6e2799c19510022642c953da55591d7,1
0xc9b0f7bbec347736c9d9866ecb15876268ccc9c3,1
0xc91e6d8f3dbf2a400cddcdcb912ccb61411fdb68,1
0xc8e6882c9d06f8a5b840869c8a6dd409252a7926,1
0xc8d79cb4fcb67d626acc9d9130c58f668635a350,1
0xc8ca8c042304f3f56a750e01cb8cb2d52614d989,1
0xc86c198f9373b3ebcc6a825b9cac6603d2ca24c9,1
0xc7bb282fa9283fa1a9cd0580f7c45a8cec506e28,1
0xc77eea5ee92bbe1b22da3417710b2dbdbde5c8e1,1
0xc75b5577642af3e507c09ea6aa2b4a895809a932,1
0xc74dcab1f3b0705fcd8fc4ddacb1a1d11137a4e4,1
0xc7294976d1044b869c5a3137982706ea5343e38d,1
0xc70c34efca6ca0334abc5f47293f9fcd0cb94d55,1
0xc709802f84b78fc0e9be5f0e8c09fb0dc4489885,1
0xc6e89b3a2fbeaccefeabaddc3628abfc724df784,1
0xc6ab6268496cd6d7cd8a9d13d8fbf8bf56c6b5f0,1
0xc68c1e7b73b6bee9f3da019ce0e004d2e17c2e2e,1
0xc6571800f2b1a2c2f0cefd07d6dfdf69b89d699f,1
0xc61acc95136f18b22c96d0e6020c6547d532e69c,1
0xc5c039eb9b0c7511caa1c1aeefb4ecebd2a8549c,1
0xc5bccefe6ed9b5b9daa249c5299787b4c148c208,1
0xc5afe2fd064e209b3e54a1ec4ac7d14237b83a37,1
0xc5a54a53dbca81cbbb968aa1fc46d5310d295095,1
0xc5936887ac79ea0457c286ee586cc0066b6e6cd5,1
0xc58b2034607253788aa2143f7c5300fed4e268d6,1
0xc55ec4caccaa54735c7671506d54c743821fd30c,1
0xc557bbb24c1a6b0d1f1a885f3586646b955c28a5,1
0xc53390ef1c3b55aacb005d8003ecc98faea01d5e,1
0xc529910d389fabddee67f80ac0981eb0e65f444f,1
0xc448782c3c133d97134b7e848c5a70ca736224c9,1
0xc40441c08d4104d9a8392492c6a465b70471150b,1
0xc3f9fe2fbba235b2e0a90510501aa09858c5e828,1
0xc34213ea358eb29488f9e5acf2b5b6467362c614,1
0xc2fa34a6fcb085f5e0295f233fae7fc90fbafe85,1
0xc2d76093a5e74834a9a65332f1aba0aa962ec068,1
0xc2bfc5ef157c9ed6b94f73c89ad6b3e5cee5cbad,1
0xc2b8a8b1830eadd2e134e5064b227f9cb59db5bb,1
0xc2820fdce9e8c295a23c242f5fb3424858e46f89,1
0xc1f74ddd2570d8970082489f35b7a114b12cdfd2,1
0xc1b8440d6e02805c798c24967573a1a53c799c6c,1
0xc1009ca12d615140b915cbaed2589c2ee2bcaed2,1
0xc0577eca3088e6bd49e19ee1b740b3783a330ff9,1
0xc052837920bf79a154017d47d04bc64270ccb540,1
0xc03b84b01d27d7af6d2d2d12e7c06fe3f6809963,1
0xc00decf73b870a49c09a96f42447d5c6d092d7d9,1
0xc000f1c46f62872baab948ec6e8593c73c1c41d7,1
0xbffe4a6b43942d354338a67a32d086a739146b90,1
0xbfcbc2d5fd6211ed8d039ffe1af0d24be814c0af,1
0xbf7faf866f2a4a003216fa224fe75bd2737d86ff,1
0xbf72de53d1875412641f8ff6e5f23406d2664992,1
0xbf1b3ad99a7b233c1198fdff2421ff75eea2050a,1
0xbefd2b72ff829d0abb914dccf63d9c3f3fc1dfd4,1
0xbe63a8405a357fdf10bb6c09a3f0e58936ad604f,1
0xbdfd6c4669578fc18e0b50efc48f4896a7ef4069,1
0xbdf4efa4e54c74fd542a6fdf68edb3794c1c51da,1
0xbd9c24ea3ae9441102fb9ef505a9330cfb872e25,1
0xbd9178b6ad5c7539431051e669913b0a6528c99d,1
0xbd5ea9a62ec41e65b601fef74385d0e37f7f98ad,1
0xbd5553ca098707665e182beec48e4504867bedd6,1
0xbd042d4f67b19d5a8d90d93465dce1fbd34a1527,1
0xbd029d95f3171d9f83c814e3450537b06f378f70,1
0xbcd032b028c63dece20636b5e0384db406317377,1
0xbc649dbd803a5a225e9439d81d9591090d39e99b,1
0xbc1c817336c789682f5db0cc26bfca643e96ddba,1
0xbbe67b46f6ae629eb469372a44f338ffc182509f,1
0xbbe5a5142701be06328189cf0dddc2190314d23d,1
0xbbb7bab42af6f1a38afe72710982b157552ca847,1
0xbbaf5dc49289966e81db4032c2fd7d600ededead,1
0xbba4770a9de5a156cc8b1a1032d0a3a442cecd51,1
0xbb7887caf7c95635549d9b2b47650fac9994190c,1
0xbad670040702bf3921132067f7a454251dbd6b56,1
0xbabb1ce8f0a97d52ae5c6136b7c267b47197f64a,1
0xba1c907a9379590c829c4fef371f86e76c932f1b,1
0xba1601c98934666189a47a98021f70a8ac36746d,1
0xb95d0877b4830858fdaf6a1111d8a233214c06b2,1
0xb948fab4dca968be4ff39fab1e13946cc3a94982,1
0xb8015c73bc5efd4498bbe88977363f3f6d8d0d41,1
0xb7f270bfa51054a0ab5c79d114925e08508d0d55,1
0xb7b0a771c82cca570ccd6b2ef8c61f5a7a9b6ad8,1
0xb780d7b8e783dd58fdcc4c6c535ff045b866eed2,1
0xb723582af99fec98912a1c7e5e068dadc3b87d2f,1
0xb71c5bcb690249585997b442d62475d25e4074f4,1
0xb6f407c6f1a06d0fab04cf9b14925b3e7384b1ec,1
0xb6ec5205ef666ef9ff2c4122abd7f5e63c012b52,1
0xb654f32d1c51d64a1b0a8b243fd6d898c30518f6,1
0xb6242b71af2461504042c7d3c27912762136ea59,1
0xb61a3277f17fc80756b74b7a45c7114c83efa79c,1
0xb5f98526f9be330b9d4fb2ece099c9b5f88094f9,1
0xb5e459f029a95c58b4ddaffab6c70d40ec25c595,1
0xb510c6c47faed7947013c00f790493873e1682ee,1
0xb4faf0850af3ff075aab257c472375ba628f335b,1
0xb4f667d718d5b4dcc66669e8ccd79fe5225ec156,1
0xb4738436c947cb0eb6fc6db8e86bf28bfef897ff,1
0xb4709550d93e3bc1d6e4d8332872cb4240d1a78f,1
0xb4514a510c7f100a25832009abcc8a0e67f826a4,1
0xb41de415736043bc49f12de42f9f5031e85e98c6,1
0xb3f717123387f4d6d1229051d6b3558cbb00e8ae,1
0xb3d9cf2200ec2ee44aabfcb3f926ebedda64ba51,1
0xb31781c668552a1f1ac5cb923fb679163b08ac87,1
0xb272060bfe9f97d38466ae62284509d9928d9445,1
0xb249039cf93045e1132f2b11543bc5c7ac3ab244,1
0xb22af68da0d3f07dfd0c87775da8d513ce78689c,1
0xb1f8f1720eb93d283216222e026b6f1811966118,1
0xb1c1fb2400102b9a70a59025a3806bbfc31c34cf,1
0xb1ae88df7b8f4fa977e8d9c2c71e33e84fbe410b,1
0xb18793c273a246dc5bde90bfbc69e57c67b5a919,1
0xafd9d29947f51beb40f535f7eca1b98560d0b2c7,1
0xafd9cb8d061bfc1b4408f895d02f2596af1167f3,1
0xafc6656c6209b5d066e00b318ccd95dfaa3b29d9,1
0xaf5ea0926f5b0ceb19d19d68c9a4db41b807217a,1
0xaf2fd169e5251135d3c9fdeb6f446d7cf81884b6,1
0xaf2574c09e09761171b1604c52e6ab8a8404daff,1
0xae8277ddb7d9ef0913520f3579bf155c591c6d44,1
0xae6efefafae96c3c8f4a5500618a0212045023bb,1
0xae5e77c8387b0c025f870f0b2378e5b685ea969d,1
0xae03326dbbacaf34c149ff52ec19d10aec6658b9,1
0xadb1a936fec52af33889a5e5049bc7f1d464c1be,1
0xad71cb71adc4b6fd555370cd7dd278b8003da7df,1
0xad4aef59a4e95c33953802f470e8483f9dc70bce,1
0xad3994a2d03749fb1731a36add45575c7cabdaa8,1
0xad21685e46c807be4e3e21fef02ebf109802b9dd,1
0xacb06fb3252e1ffff0a66bb74bff9ce13097cab4,1
0xac8593d7ef38f08e9be666156552a80098db9844,1
0xac6a0a26c117ba2273b4f475e87c68d55cdc88b2,1
0xac2c124fbf0a3bc5537c1f30f894c98ba03c6641,1
0xac1ec0bcf75071f8134af9d5018bd1652d5cc589,1
0xabc5234cc05fa9c60b85627107a37b460433969a,1
0xabbde1e76c0dfb3ef32d5713beec898f23fc6774,1
0xabaa60d110a33076f8472668d7172346fce5f438,1
0xab01710caafb398b1d3754c81b13c3f48208c998,1
0xaaec373d6401ed1a6413ed23b3ff2d4716568b5a,1
0xaad037ce325066229bd548669f497cc77538e5ba,1
0xaacb5d185cc9292400a449478a03052625b6043a,1
0xaa9849e68860b59400596299712b54d2c4c9c551,1
0xaa9520674d81bd702e5eba227be8a8378514862f,1
0xaa441fe3b40831fabfabb9cef47095c4320f1a09,1
0xaa3bbf962015ddb060a82f79ce3466fe3dd0a725,1
0xaa2c7930e2d3c247f20d6c31ed5fd634101c6097,1
0xaa1fe41e175d8461461fd1f7bfb23cfa2140c090,1
0xa988b94882465c43bd3b06e39000c18d9a84712f,1
0xa96644296fb03667058b244ae55a259897edc284,1
0xa92a3a82c43b6d2bdb9d848a29a79470f13a2725,1
0xa91fd9951a8da9ace74e29cb0456496c4ca9bab3,1
0xa91fc5813ac17bbb55997749e950fb4c3d7860f5,1
0xa8f17ec007c27fe32dae7322ec30f4ada099b807,1
0xa8eaa9c09510fa43999b7da4f6764379e7c087f3,1
0xa8e7083104b249763a689088f7fc1f80f3538752,1
0xa8a27647d6545452c75045bdb0789f9da0865c4e,1
0xa882b5b38ec3fd8a4638b0ee9e066390b0a19221,1
0xa8828ac588b8e1819075a8bf28521ec05c7b126a,1
0xa843e16f26edb18ef988540ad9d2796101761b35,1
0xa7e9b020ee70f3a6803e5a7ff9c755887e0d37aa,1
0xa7dea8c4fa63a12535ad1f768dead8a687ee35f4,1
0xa7ccf0109312a4f14fa85c8f75915cd978adbc99,1
0xa77578e186963b46b48077062b848e7749d88e2c,1
0xa740e67476a85a68c9a8e44df4ab9e6c321284b5,1
0xa6bd2d2906bd8fd68fd15b69d2700a543a93c04d,1
0xa6884be04ce6e77625ca3303db3bdea954cd48bb,1
0xa66e34ba57f5575b60fd060e1a343465ad848c00,1
0xa5e3b03bf9cd293973092e8e2944742276ac74bf,1
0xa4cfcfe12f435542374e7d09254b82730cfde383,1
0xa4a4f1cd1637adb67b3fa9a3b010d29f94600093,1
0xa3a5929ed912b4b2da00e751e3c18d3dd9b1e83b,1
0xa3917c68d49dfe0323321b4a7f2ec88074647dd0,1
0xa3639045801c387024d2a405e79bc430d57c54f7,1
0xa354db7c30413f66ec795bc981a2f1a3b34ef135,1
0xa2fca779fea2ae10800208cf6e6f493956417303,1
0xa2d2d2fae61a81a38d1ceb946fdf7222f55769d6,1
0xa2a8dd87ac7a114054b6e77e2abf1b5817751b76,1
0xa29073e603114ecdcac2a0930190db14bdd54658,1
0xa237db2908bf135e79e5269c17bd409596d401c0,1
0xa1f9c64ba8c06a0c0675603e2f1e0ad650404d05,1
0xa1e14ddb9f3b814d34453629db8d78f187f896c6,1
0xa1bf099f8194dc7681fe7793cf397c9057fea7af,1
0xa1bc8e79ca4e0a84471f72aeaf311cc1178209ed,1
0xa1b10b5095b407368bbb782925c1662a3f3fff52,1
0xa1b0e8c887b9f05ceb47b94c5f178b8bd40fd6d7,1
0xa1ad8656e869a2dab477fe70331108aa80e2fecd,1
0xa1a42311739ac48449bc1cd077e8d7af3311f5a8,1
0xa19dc028461bd471cc7ca8c12f64e9462abce772,1
0xa11e6d84073510c6cd3f10bb0c4b0526845b65d4,1
0xa089cb133222ca6a081e28677733dd53aa996a14,1
0xa079c1c1e712f3b2cdd84b819ea0fdffac0f23c8,1
0x9f8be4f7720d9a701b1851f765d4d1624f3a618f,1
0x9f7392a7a465fedb092293c0d592c57991b2aeaa,1
0x9f6491c5d7d7af3780eb441ea71856f2222076b7,1
0x9eda186c05f91de0ac8c9b30f7bd0bbc8f273011,1
0x9e8e74d0408b71d968b93abe69f4d20c32401a3e,1
0x9dd2f277c2f2a5919b6ed235d1a457ec3d659b4f,1
0x9dd14208a1378730826d88897d237dac5566430c,1
0x9dac9ce76bd230277d8494c71b5848124a2b18f4,1
0x9dab82fd99707dcb811b069c6b2cec6e705ea5d2,1
0x9d55939f0bc1c119a6611cd39d5582b80c239d59,1
0x9d22e3ced6f7d13ef2c3a02c6481b429f7fedd8c,1
0x9d20fc8507a1e2876b05e033a279e52f95499ac4,1
0x9d1991b432bb6e94f805585218768932cd720302,1
0x9cbfa00bedaa2b38982d1b6833829e6017abf25f,1
0x9cbf35df0d6ab1c7c4480f0a12389c4e1a4f0c1b,1
0x9ca37ebb55f90110c4c4edfe87f2a526f44356f2,1
0x9c721bf6fcbce28830b6cd68997bffb567310318,1
0x9b57341fc8c38196ded95b753dbe07db6a0fa0b1,1
0x9b52e6f20e8d24a434059741b550a3787da1025f,1
0x9b0fb21502ececf96691783f34ca17d4764e205d,1
0x9b03dd2576ccdddf830089c41ebc88b6d0a3d562,1
0x9abab2dcb7f8a6659e1a8549bfab8ca087466810,1
0x9a2ecaa8c250fef08182e4cc51d27da3dc71267b,1
0x9a27b0da5a0f7969f0157c43514af4d9cbbe4fdd,1
0x9a096605e1b6692e5c493b158505bee63587f4ab,1
0x9a001985638d6135bf359496abe32afef54609cf,1
0x99da5160f49fb0d2c41f0eff9cae892645dbd032,1
0x994f5f123a2a34e465de5a06254edd7617f0c582,1
0x994669b1b32e3211f5da037037b35e6c8081b7cd,1
0x99451a91c617df424781ba37b1bc5725e16f0815,1
0x9936907dcc2026bf4d4f882aee3900bdba6d4fbc,1
0x9926a7eddd62f2773390a5259929d4a85278c21b,1
0x9901351c7a86ceb910c8bced8641d41e6f40538c,1
0x98e2fd899dc001c325b705e0ba6f5360c76b26a0,1
0x98d926034a56acf48e7a98d1c25ad459638f10f0,1
0x987af6aafa9415d1684905b4654338f4bed19ad8,1
0x986204cc94428354885e237d87dc0ff9836dfc89,1
0x97fbb66c6efe28dbb0454f4467b780df8bb5938f,1
0x97c80f51caa081d8219b9bf314222fb4c4167978,1
0x97656d12b635c51f170740daf9d1d300eb6f468c,1
0x9705e238f575b8f78451ad3672e8732a4f6c3098,1
0x97038a09ecbe4d17612ea6fea023b9c3cbb6b1da,1
0x96f6813c9c4b79538bff885b438615eff0848c02,1
0x96b5b0fe8fca743fc218674561dc4a18d046ca87,1
0x969a5be17b7cbdb20f7e9684d929bc9157385b24,1
0x966bce020b91a49e8ce352a579efe4785d2dd167,1
0x965739b04601a9a00b82e7dca6ab4b6a048c2ccc,1
0x96483d4b1be6c258f67b8dd724006788cee41ba0,1
0x95f05ecc77154cdc35a358cf839b2bfd9a3c950c,1
0x95e501d2cc8352a2e39482156136c4dde900a490,1
0x95e2d62acff7cf884b226971d88699940016210b,1
0x95b985ee05824d1b59b5df09b29a1ddb63eb47ce,1
0x95a6b57f12718e87facb7016ddd47a9c8db9388f,1
0x9543e6bc80768fb257d9d3a6785ced8ee80c921d,1
0x95103fa7907141318099bad708dfca34065f2808,1
0x9500d16350c8d5f5d742372e3f4f016a9029df76,1
0x947dbf6c5de67e8984567e0d1cb53624de474f85,1
0x94190daef5d9852b5bfa122716279489e2ea6fab,1
0x940212347ab5d127585b04ef295b52db6aa3bc1a,1
0x93fe46152e5ad022a69f922ae7c88dc9402fd690,1
0x936c815a0fbae283d6c9b0f6f9a41d1a9696b1cc,1
0x9316ae6261d4fa383fdb3b012debae5fc35f9042,1
0x93167e06554b80bb28f37bd735992fbd0d61abb6,1
0x926db3ddf7b46e34da1202894dfc74e1dbe2c443,1
0x924371d8775dbce3b5de2bde54d7cfae3d3959f6,1
0x9227fe16fcb596825e2cf83b16796888adcb65c2,1
0x91b88ed17c05ad98dad856520d04ef5ef0577a47,1
0x91b15021dd3a6faedb224b7b389181d24063a763,1
0x919918af608826e1463dcedb0a32336b5d53f6b2,1
0x91940d536b99c0aefb3923b911e7e4798a6d87eb,1
0x917dd8cbab658a33cc87bb334c6abe518cd34dec,1
0x90f705acee83efb9c17212317e39e84414451212,1
0x90ad8ecfeec7a62b109ead23e5446a6af48b7163,1
0x908114f8ee764fc6f0143df1514d7123f5331bc6,1
0x908026d57816997b5e21af9956e8a6c81b4f0093,1
0x9007aeec4bd5465b2071a03951399026be73c053,1
0x8fcd8c9d275d33c92b899a2ba2c6580d416fc5ed,1
0x8fbad7ee8da29753a4301cad0b40bbb7dfc696f4,1
0x8fb7873652dc1ca2d9b29bddb7f5a1cfe47caabb,1
0x8fafc3996a6c014f4d816a48e5ecc698fef7b61b,1
0x8f21405e0a8c79f7c887e023b3b939f97e34db0f,1
0x8f0f3efb8020654e5038946e1efb2ecd29acb01f,1
0x8ece973978f547f95f99d8693de7201f29434aba,1
0x8e7f4fd55884e86b58dca35e52bbaf81f794f239,1
0x8e70d309a2db12681902eed6d9901f89d021900c,1
0x8e4c6dfc821484d45f4b34ad99abe5ec234560d5,1
0x8e3f333209ffcca81364891983e0dbdc3dcd82b7,1
0x8ddcf0785d6b63e696caceca58c2939fee26d3d3,1
0x8dac55f06c4905be3586a9c9bd74e079a0484a6c,1
0x8d41cae1f5efabd3ab50d855321acbfcfae4e438,1
0x8d18ed173ad85eb5e0d1db0400181082ecb56db2,1
0x8d15c4f8c7e05091e4f3d0afb464ba97c09e685f,1
0x8cfe614b36244b94e2296722e8d8387b67574f11,1
0x8c448fa410c3d67d80ac985dcf1f42147803549d,1
0x8beeb2254cd5a821e631d429a363487fb330c058,1
0x8bead41be49466e4e1e8f0989eae785c44aaba53,1
0x8be7f64a9b4ee6e630c0f3cc577115b15df8a549,1
0x8bcfb741e47c8b1cdba08ef05d16539712594615,1
0x8baaf115d7e4fed6351f18c39a3b0b25ee1f765d,1
0x8ba993b304004ff9364bf237f50ee9f74a5d756e,1
0x8ba01d03bf9ffa3668bde9fee0c910dd1e77d470,1
0x8b466987e651235daa70b07a135bc6fed5842390,1
0x8b0cdd76ee55c1834c97947f4ff5e06616681527,1
0x8ae7b190231e7143dbef0b8d9ee7a6f46228b9e5,1
0x8ac702191e62c8c7489d6f2e259ffb8dee657cd3,1
0x8a050bce01b5ff67faeef6fd0034743ed61b71a1,1
0x89f0d40686e9913015a1c840f520b43eaa84261f,1
0x89e1c995da458a2e8a30098d1c0e9a2d8039ee1c,1
0x8969759a39102768021c618c7f712be1ed3a1218,1
0x8941fba0b90b321cf89105289f477e67bf408c1d,1
0x893053ed1645eaddd80f7e1ab8685fbef77783a9,1
0x8872e632d6fc058f74415586080b814ac0d1d369,1
0x882ec3f89768c688dc1911a5ccefa8a78717a51a,1
0x88174fe1032786b1793b388fed3452a0fa2dd8e8,1
0x879c6702ad7a82a1599044e05bd36856b1c34a1b,1
0x87950387916d107ff76ec8783560200b4e3dd0ec,1
0x878bc20d139a07f8d5fc79ba6af8796683627788,1
0x874ee6f1191abbdef41a2d7b4f74b46d0b7cd49a,1
0x87451c7e840457f8547e1185df6a7777f5df2460,1
0x85f9df5820efd1835651b75adda9c9a221eb24a4,1
0x85d0d9c4e52f3bab012d2ac8f3bf685ea12fabd3,1
0x85d06457bd47e4a43904230d4c40203d367773a3,1
0x85b0e54a47c8b6cdbd21fe96eec2e8c7f22f8fcd,1
0x855097ab50c2a1378b1e8ae40c2a27ae507c5f5d,1
0x8550303a9c08bf9503da6da3bbd7255236c0ae00,1
0x84e90e6b66a45354f463e8aa2a48aa7ca759d925,1
0x84c0cdc0b8b81bb270c78dbd6105e4a4d841794c,1
0x849d85f060b4d35fafe5bc8b8d7df9c2312c2c22,1
0x84941cb40893f1be2cab49e21ea41652b6d7781a,1
0x8388fa65bfa1b9e680c8138f9eaf1bc19d1f042a,1
0x833e10df0eac3425697a838b0f4319d9471bcf9c,1
0x8318e147860cef1d2a5fc02e82fbc920977b76c1,1
0x831643ed3a5186779a3d1226bd2354e0ba9b394a,1
0x827dbbe748a492b242a9a189ac578ef8876ee635,1
0x8225800daefacc32ef16d9e0f68b78304d97a332,1
0x81ddbadbf47790658b0a8d6158734fc40e806d7f,1
0x819126e622249e24d3e2e8c7d81f6ead3316ffcc,1
0x8139ce648fe21d119707b39a73ac92606c041379,1
0x80f776ad708471df86ec62323555b8bc2c8b673a,1
0x80ec53e3668336f72a1cee250dddb96d0e0e73c6,1
0x80e080f0479390184d4ddfa4d1e462d8ae109f26,1
0x80a75d2fd56397830adf57055d4c4f71e9f8499e,1
0x808082ac460c2705663abe4a36c0968b3f1592f5,1
0x801a33e1d17371d3aca817b4a9acfb9c45331f44,1
0x8011bf450e7964293baad7ecd94bbe4c6699c15b,1
0x7f8bf972b15cc36903f8809d4b7d05652b7bcd87,1
0x7f873ec58d567e78a2c1dca322cbdb6d490ccb7d,1
0x7f76b301d95a25c712b183308b020a9a9e548191,1
0x7e457fdbd55b0150d3d0a38622c7c4ab833b0e10,1
0x7dff36a69da8cb27a2f87636b94ec23633964cca,1
0x7df2d687a374094ac7ffc9e598624ed07a1e3078,1
0x7da1ce91df4a003a7ff846947fe0b864122ad7a9,1
0x7d48228893deff52a1a2504f087f7aaf80d706de,1
0x7cff3e3374c71e0bfef9a67e1533c2105aac7bb5,1
0x7cfeda2b736bcf40334daab10c82f89d01d25666,1
0x7ca045cbbddeb5d1f525be46a969b68749ef751b,1
0x7c8576632bd391da1aae87f1177c4b3d01e90cca,1
0x7c81c43eee634f27d2a8910f44070b915cfc37c1,1
0x7c6c7fba8394bf31d3ae8ec25b77cc85b5ee3688,1
0x7c47844f53342b5493d23311f65bf7e1e60c161f,1
0x7c3d278d418307b28af4c7218ea77a1cd28c1495,1
0x7b661056cd7fa3e3ec0298e9665a54b80e4dd09b,1
0x7b5521babfe15e5006a6d594e4fb6bc09bb54ade,1
0x7b50cff764d98f154f08d41b00f069554560af6e,1
0x7b181de6c5487631682eab9dfd14e1bfc79c2731,1
0x7a7beccbd0af5d47c58701a816f2a9227f8cc52f,1
0x7a698664b779043aee1b09f91996df2a0cd90f06,1
0x7a5392a9d4fd8242558c0f56adbd9a8ff46a10d3,1
0x7a30da60b6004505fda6d0b049d75a418be797da,1
0x7971386381868ac91c87e658ab9b1c588d654933,1
0x792f2e4b5a1a51766589a6258a8cc4f1d1916c29,1
0x78ec207a003f7f9c416f9c1a24985f9681b65121,1
0x78e3fb1d7c77ab4819602607f113458dc7c40f54,1
0x78b7833b84dba12ac6a3424a55da4c46dde94898,1
0x78651cef324cc910495d66adbd7b4ea53ed754d3,1
0x7859572711dcff287dfe10ab3074a7e9fde78f5d,1
0x77ba64ba6c78f8773f46e383e71c64a434f72a5d,1
0x77675596090d0a9fe50837d48a79e1a0828221a7,1
0x774bccfaf6c1fcda228e6c64ebbcd409f67ce95d,1
0x773eab172dd503cbab0f2d38769dadd739bc511e,1
0x772ba1faf2a2b49b452a5b287b2165cba89efae2,1
0x77199602114bdecb272ac9d5038d7e01cccec362,1
0x767f3065a223224a188404fd19e6ec1d4e54b809,1
0x7602fb3bf19813d92e9db653ce0ec15768b075dd,1
0x75eb14f4889b3f6a31658cfe87271c2dd44ed39a,1
0x754e9f8984d5fcb73514c321412b38b88a576422,1
0x7541827fdc548ecc0538ab08a229d01530b24e3c,1
0x7511fbf01436d32e7734f9a5ae308ab272c9c9bc,1
0x7506b5c4287c77de5ea1d00b60dd866b635dd1b0,1
0x74c40543632132fe64e45a605d9450448c8ce432,1
0x7496d6cd03d2d39786c2dc0c9801995cfdcf0d0f,1
0x7495d7be9f20af35cb1645847a372d5a23c65df0,1
0x748aadbd7d44608a1b5ee689318b243be1d9928b,1
0x746af3e0cf99fe3229ab32241ebc329c7cd3d078,1
0x7432d4632d016c1c91cc97d7e158eb6b1cde3000,1
0x7407c756e49722831458c9d5996c4bc0c9717eba,1
0x73cb5b2a4ed66e64898c784a60c1c2dff6bfc558,1
0x739e5946be5a394b92314c5dc3ac558a07d77a3d,1
0x739032d87a12c3b7b8c614086de94084ff9188cb,1
0x7357266842453352d654ec551104af3da5c7a1b1,1
0x7328825d3582b7daa49491ff4c135b62ce1c7636,1
0x72c109f0d53dc7ac692b972c0b4841922bbf22c7,1
0x725cb9f43b26e8e4ce35c404ceda88dad67a4966,1
0x7240b022e3efafa0da8327001a8d68e69cedc6e2,1
0x71e04a268b5d3c7861d0e04b60683a53b7ae4692,1
0x71dd5b75202947e8e62569360083ad74e0a32a82,1
0x71abddb74424e6118a083d75aa49effcd9eae929,1
0x7104779d074abe546dfd493f6e309864d181e3ea,1
0x70cc6c8fc735380dfde1a6ae61cf13612b0843ba,1
0x7068757c99bf03b2e662502bb807b1627d1961ff,1
0x702a12d71ae0137785a97ea5362a2dd66d978973,1
0x6ff31e03f79e802c290b9afc700587246875d67d,1
0x6f8d2dbff3a81c68a4da3a67e9d36f9ecd61a89c,1
0x6f8a15bb363724f15c968fc05545e9bc1028e697,1
0x6f398e7872ac5f75121186678c4e6e015e83c49f,1
0x6f222e8f3960c558ae5ade47c80c327d012f83b6,1
0x6f0d30ee2bc8d381eefc23d5149fc9eee268321b,1
0x6ee61fb987a72fa40ab2c0f698b195a589a023c7,1
0x6e9dbf009ed6c5f8f14e9c5ef5b0f63fd1cdf3eb,1
0x6e195dada1f883b0b54196b962721c28caa18efb,1
0x6d9dbf64a94f1d9921dbd381d78a716955df2d70,1
0x6ce3ccc86fe244ce10533bbb5cd1c3ee9b70a8f0,1
0x6c8788e8e18e47d616749c5987dfdd2924a726a4,1
0x6c7c02887b9480e379736d4bf3d6d5afea1bbe83,1
0x6c4219152508f87728d6d2eee8564e5bba3449c7,1
0x6c0ad2fc899e74abcfc19c3faa32ba3a4c66dd96,1
0x6c0742313426395da599c0fa53358fff38517827,1
0x6be904da5b521ff21d4c6e9691b3015f4fde2b1e,1
0x6bccb7ea981de28e8e566bc854bc420d598ccf90,1
0x6ba4593edc918f671cb4f12f62a5c33ebf5d054a,1
0x6b80866e6f786d6ad7c4e753b067972f7d571ed5,1
0x6b5394d015abd33f2f89b8be5d9ae8f70d1cbdd2,1
0x6b29fd803e0f91af063f93fbb02082fd9d453181,1
0x6b0a00911db7358afbe7166205cd836c1b8f248b,1
0x6ab8a42459384e1b0392e7b6458ae1f953991615,1
0x6aafe1debe5a51b7769d101971d1477c816fdb1d,1
0x6a8b49af5672e9de0ef6b4cafed925616020248b,1
0x6a6f885e8562ee0857051e33e4fe0f7611ebd072,1
0x695c476727a4ee2b6aa4c435f13e7fcc28b251ed,1
0x6948387c6eba17aec6cf211049b34d3c49f2cfc5,1
0x691dcb19d6f13d1d682c7a8ecedc871cdf59b1f6,1
0x6916a1d668736b0e02b62aab7b11da376b73f6fb,1
0x69037b288e1441c940771918ec9601daa5fcc11d,1
0x68df994a43f37be7cb4400bffacfe992a128da38,1
0x68376b64d31af85b376e80b1fac206e31a9993e5,1
0x683499ad92a10383a93545d80237a9bdd09e8e81,1
0x67d94622873d2d4414f620452b9c43fb4c0a8bdb,1
0x67a4f7f490f532a7efc2280e3eceb93eaa0a4ae0,1
0x676c6aad81867e6cc50bfa396e8d4a05e9a98976,1
0x674b84e34751edf723665c9ffd804c16507081d8,1
0x673ad96bb2ce4f1981bc036177de842f38129942,1
0x6738a1a1cc5ee85652f9f146d6b9e7b54f27333e,1
0x66fedadd6e5f077d3ad9ce7d4beeb7ab68920429,1
0x66e07eedf6498791359dbe51052c6de201ad2993,1
0x66dbeab3049649eb98f30db39546db0e2923089c,1
0x66ac6973e677c606e21e18d21471b2cb6d551535,1
0x66ab8bc40d5952a4b7e276faae3c1ac95a7b4852,1
0x667ee5cec40d95c8ac2f83df002f344e044f8b6d,1
0x667e213b28b0fd80aa69283afbe3e43f5101c79b,1
0x664ce93a94830d668c4401bbe2f49ea7f461f081,1
0x65e335a78fd38cb7f7d206be51fe36c8ba0397fe,1
0x6559b2037fd6373e5360a137271881c9d591427b,1
0x6529e36d3f00921072988d68a070e15d102b4bb4,1
0x64dbc236b57c9c3d55580663eff483e0f74f3357,1
0x64b53691a7a26744e4fc05120ed6dbdb02ca335a,1
0x63ef34975c2539c0051b169ae9e82a0afd484c1f,1
0x636bb820bcf8be32f3218d862a10eea11bf3e3b8,1
0x6318f3da717dcbdb16af2d992e0b342e836069f7,1
0x62d1c35acd23342a06b7ddd412e44b111884f148,1
0x62ce5c4e0c7b09da57c8dde98b405401d2422c02,1
0x6226f4f0b255dd885bffa3276fcee8f90272c518,1
0x6211f599ff2ad83d60f02e51b2c872c34b0888a8,1
0x6205bb1816466ba93ca17714630e57ab9e2f615c,1
0x61e6e5284b613cb9ae8552558fc1f64ff0b2d7af,1
0x61e242ab3ecbc94043c928f2f4cef3b562a528c2,1
0x61aa96ff284e573b77ff80b423b682aac279383f,1
0x617358923c34a981fec0bd8d824e7ea50053012f,1
0x61317f87fdbf43295c21a222443d3b58caa4f0b6,1
0x6124ec5c04c896fe19c76329995b6908fe7c8793,1
0x60ca7adb484a5db67757c95dc9ea1182ca89834c,1
0x60bce4b6dd1d72a7d4c8da22ace3b8fbe3a81dfe,1
0x60abb6e40609dd553adbfdb6a947fc00f4715d80,1
0x604364bf8a9ac55bf8084b2f8c826946e05c0627,1
0x60151f3c03d3123314977458b9ebe7d3c245502a,1
0x60073302682085618ff2de863a34de7dc0cda489,1
0x5ff0aa6c8f9188d86b4f3af816f50130e2e713b5,1
0x5fd9d0b464a20aa381b023c4a2106f0caf91e705,1
0x5fc610b9aa1c7b812efbec639564a0a36274e9f7,1
0x5fbf67bc0a8c3aabe4efeb6020bedbb1cdae2d7f,1
0x5f9338166cd3f311accc67ca29cd102042e10788,1
0x5f1ccdc09ff5b05f6df2b8a643b356801d12a0f5,1
0x5efd02ad7d3abd120ed80a082e74b60488f7ab85,1
0x5ef9a2d3d93b9c50dcb9027dc1f43fb00d5fbd5e,1
0x5eaef0c9064173291f8572dbd991ca8aa40ca96a,1
0x5e9e9fb7b393e589808de3acfb524ebc23bb3b76,1
0x5e2a86c72424522fbc61b7a314327ebf50d2c780,1
0x5da6b9df5bf4183883aa122c8a509cd127fbb26c,1
0x5d7d54ffde2056fbb72f2304f037d5c28fc1e949,1
0x5d62feaca328cf0aa932bbdca39bc0ac5361e185,1
0x5d18f3bde1b33dcbd2396a38a3c9056fa7284c41,1
0x5c9d9a580a29508dd767e465a30974fcaf01b93b,1
0x5c9d8ce6422cb6408784081fa39fd7e1c33277b9,1
0x5c92fe57984d6c03f9c9e353fa41ee04405f4112,1
0x5c587ad363aad1388231cf8bbe24afb675397054,1
0x5c06e6753198442bf63dda3e9af7daf95ea8e9d0,1
0x5c012ba73deadf6366bc8c24c3f2c4c059ecb35e,1
0x5bfb7328838b3ebae6855b8959f5a67c689ae839,1
0x5bda6d190d5b6e4fe02419f3b1d15fb608420c8d,1
0x5baf33d3f4d7629b75c06821a09d9ea7607d2348,1
0x5b9d5476297bae8b073b08b0c76a5836b1c66bb5,1
0x5b9a4154c00b31e47efd7693c4a2a6f927a00e36,1
0x5b923df2e258af17b4bacdc82f298fb690d00fd6,1
0x5b7da3a8afdac640846fc1448151beaec3241588,1
0x5b0fa74a0d241974da60e78e8a5be5d515cf7459,1
0x5b05d194c41c783a908794b505c47f12302f456a,1
0x5acc7f8221f67e9b41a17c8d9daf41fe57e8ed47,1
0x5acc25d07cbf3f1643dc8a8200c937f0f4395e4f,1
0x5aa08fcf569fbd53d2a442e1b3b86ce07ff4fa76,1
0x5a9639f285a583570ecaad1b82623cee1a8c8d84,1
0x5a509e57ab9c1b837483c847166266aea5c4f37d,1
0x5a4d1a00f30560b4f962192a5946dd3aa379aa76,1
0x5a1270ca44e2f4697fc867b18039f1b5d60fe9f0,1
0x59959b65f642054f06b14f13c4c0f46cf131ea5e,1
0x592738eaef3c31f399e1cea077052ed3fc1c7c91,1
0x590da0ce51064f10ba56d577c9032f6699b28da2,1
0x58bcd7dd3c76225fdb7a53fa81cca08a2aff0f33,1
0x589d7b1a3731aba2a17a8e3217c002386df7f044,1
0x5899d2d701c261fc73b8ceabfb00a1b43426af36,1
0x5895fc43e63cb6181d8b7f77a3046696cea35733,1
0x58295848989fc14d116b4283aa63856896b56cf6,1
0x576f924d0de981951d5b7f77eead76522191064c,1
0x5769976482a70f51398ec1d0e4baa6614c5eb1b9,1
0x5767e4ebe2de0cd205c5d71aa4bbd2ac422b831d,1
0x573f99a632d1dd902f1f99cae245dce18c591a93,1
0x57159cae17121800eef47f5da0306024a5a9197d,1
0x56481697b984070f2c0bfad561d2f337685fb458,1
0x5558e1d55e8619ce93498cd3113435515d48eb03,1
0x5548e9290f490b72293795900c5be2efdc99be93,1
0x551f836308585b799bf3f61f23c81941a7ead6fe,1
0x54fb0054f70405b5facd285733933fee5598e097,1
0x5454be596070f059955e0118e066e6eb21403885,1
0x54430096e36e4abe7acd1c105b8454fb092780da,1
0x54126d9cc8c3b65373c5f44a589e9c9e9318918f,1
0x53f1719d8820422186895168d66571bedccdd853,1
0x53ddb9ccd57a718e86c2c291d8381e70f10fddaa,1
0x53c1e19af5c6a78dfeedfde0d24216c9c02e0ce5,1
0x53b968f7da3a0838c7ca6a986005c1ca25a56a3a,1
0x533d16bb91ae46ce6ab8eb1e095fd8223fcc9a75,1
0x5315a41f94b4643e75e553e765bc742302a070ee,1
0x52b627600c92aa00b90f9690b9fc97f53510746d,1
0x52985228647cfd7ad0f257a652047d27fc6ab18c,1
0x527208bb750deb16b250deb50ec30c7f3d4d7f47,1
0x5254bef013b2148ddc13170b325d6f9449f7af77,1
0x52457a6d17681ace340f31ea13d143f3b765a1cb,1
0x52432dc183ab2bcebda9b59d38cc874002dadaeb,1
0x524098637397479739b15163d96f11d45fa3af13,1
0x51fb280c8f183630596a0336fe5cdf487e179a3f,1
0x51f9e5445fda14e223f4a1132402eb66739801f3,1
0x51f9ac9219ac68e9ae215af1aee40187abbe181a,1
0x51858261a35ce4a3eb267ed9d6469917aa8a65a2,1
0x517233772c2c4f108ef285345b918165f834c6b9,1
0x5114ac9a59af66be6e17bdce5cfe669ea61d7739,1
0x50c6c11b79c5aa2dd521d9489832e48bd46b0623,1
0x50b16d9d0c3c92752af7525ce328ae024ab5c8db,1
0x5083c396e2b17b66f0922f8b9c46241bd00e2dec,1
0x507d8535bc6ba3f4efac81bdc1b57209dad6e15d,1
0x50530095702552e9fa7818f60e6bdff5d0540af5,1
0x503644dacb25da8225272c2e045172b9e8a26198,1
0x4ff7da6f57947a919cb978abcd7f3539f0b13c61,1
0x4fbbaac63d8a0b994f5c5c8e8ab70c761e63e43e,1
0x4f844dd25dd987cf1289fc2e9f4e68e0f30cb732,1
0x4f3d65e97e8d0ab74f1a6618c8c0fe060f1f75bc,1
0x4f0d079b3608126662a5c23bd36b6b5d5a6f5b92,1
0x4ed5c3b7894feb3c3041e94f9cbc37f72cc8f99e,1
0x4e7f10e5a70219822055d9895a60a0be52cdbe99,1
0x4e5183c090c689f984091786cb71963afce8dd6b,1
0x4df754a14e894b5423b702fa439e6ee6a392b0e9,1
0x4defc44cdfd3eee7fae1d5a3901e97b27cd01e3c,1
0x4dc96a4eefa7a0b7ba5f1148ef16ecd5779d5a59,1
0x4d7976fd42f0d3cc4cf7b408aaf2b32b3223a7ac,1
0x4d71b79c612e410858addb8578e6d6df56948ce8,1
0x4d6f8e08b91d11d2a92377cddcfb6da870018f00,1
0x4d51f102839c94de5f3c0d5221d3adc1ee172833,1
0x4c5addf80ccec36f58f55ec8c66625ae97ae2d4a,1
0x4c2730b42d4cdf07981a49ff28536b0292626c3b,1
0x4bf2897c158c404fc215710c291fc64bf05fada0,1
0x4bba070c46ed983294cf2c0f79d5becad33cb475,1
0x4b797d9d85db7ab455e3260f33903e7001e5862c,1
0x4a37699cbf522c4adf62b86d942b759d1c226b90,1
0x4a0ebfee88f176651779fbb3409a56d37acd2cc7,1
0x49ff5bff50343900839a62669c1faffe495512e0,1
0x49dc27ac94d93f1fef6f231d0ddb7336b4a0dd2c,1
0x49c4a1e1b09d261f62ea8bfb1133fa637ccd4a19,1
0x49b3beba25142d9a8b2b206deaaa7a3f98cc25a2,1
0x496ad609cfb06278db94498e30bf18ced018ad4f,1
0x49388d048ccec63bf746af08d7393d91c7eedbe7,1
0x490c021221f3b44fdf4d8a331808de47917653d4,1
0x48fe7d17987c7a4967be40517407aeb1e7fea70f,1
0x48efdaed13b71398b093d9652200e986b3b7d2ce,1
0x48ecf8e83261343d1d4097a15cfe801e43219cd9,1
0x48cc0719e3bf9561d861cb98e863fda0ceb07dbc,1
0x48bc8a9d95772d99254f3cd9742bd6152edf7beb,1
0x48707c6de024ffee41987f740a40464305c5d208,1
0x48501b90b188e955781406718ca5478b80b002ba,1
0x484fc49896a9a1188fc1cb3cc38f1db6e4124f9f,1
0x484eec0909dd07ebf1098c79d0dfecbe28fda524,1
0x48421fb48e51b5eb8e1db921690ca6fca7eca904,1
0x4772d45ef39c68499d2d98b1b860e40ae992627f,1
0x4759bc77f56431052c9e3376427f562dc08e6065,1
0x474361291c87ab60c2a7c46505e722c807b05fa2,1
0x471f59dd44f4b3c8f075ffa6ec59362d3c3cd6dc,1
0x470eadc5c82465da642bb58a9c8ac822953de312,1
0x4708758fb4d2e64e495a8600b622861bfc5e5d6e,1
0x46b42d879b07c445c9d917c2411bdd567f2e4c9a,1
0x4684c26b972b2aabe913a66a1480e88ba0394fdb,1
0x467e451bd0d83727f7e821295040fe88f4ff0551,1
0x465f7826cb73e7a9ad117768a4a0556c237a0fa5,1
0x4626db6061d9f11cfbfe8e0e8f4e9c88f32099cf,1
0x46135e201f3a945d6c9381faebac5c36c5774ad4,1
0x45c60adccfd448394a4106ca3a7c28517b091b38,1
0x45c5d06827801854a424bc866ccc974fbf4bf7ee,1
0x4556cdfadba66324a4f06d9b9ffecaa401856acb,1
0x44e72abde95937ed34bab08b39e8809a0ac83e3b,1
0x44e5f648ae67cc7492a8d6c62470a97e6e94d63a,1
0x44a584b709ecd27369a7484d48bf64eae2fafe85,1
0x448b0c86f2af8b66ed02439f22aa39485bf57ba1,1
0x4465a347a3a34058075ccc8f29ecb105def4d30f,1
0x444efdb30a9c2da43f757a7c608311a47232637b,1
0x43ba31e945dd48ea58440d09941f194877367162,1
0x439b109ba34b40e1062e71b3de6bda9cc32aa92d,1
0x439040ef89fea607475076dddef4270c3662d315,1
0x435074bb9540ebdeb591b55727cb86e6e486972d,1
0x433d56f39525d60673541c09a5a400c9794dd0c6,1
0x4337e4e06997bb5a4a830d0795ec43b6ab2bee78,1
0x42cc0fa27d41b23ca48b00cd76cf1359e7636ffe,1
0x42b3ffcbd2d7498f69c42a6e07b1b21f566bc57e,1
0x42aafb3913d61ed3b0ba9aacb8cadccd0f5ea55d,1
0x422b96fbd43583f22006d704cad460111553e114,1
0x41bdcd52b4a931f7c29be69e3ed2224fd33d0f38,1
0x40c9790cc26aac2504060c25457b1734c456e79f,1
0x4010a4c1911a4768849d59af8dd3c114771298b9,1
0x3fb1d0a1d39a3610567de323e3a07574a9aca717,1
0x3f966d5e4102cf6f65911b1e0d6cbd50f0baea34,1
0x3f175a3100875a1415a66b2e5f5952a062171e5b,1
0x3eb6dc3b10fb5f78ccc548a32a8023f5ee2b8f39,1
0x3e7ea9fc1f8ac230068220626705bcaa647aaa4f,1
0x3dc48aeb8aebbed46080c29bdcdcc43ab6477a69,1
0x3d97ca07dd5fbfdd5fcdd022e04d0d2b45842164,1
0x3d8f1901a6f7a547751f293b0c6df8fe944faa73,1
0x3d52f6b06fbad3dfb8dc31365fa37724e18ef21d,1
0x3d24912511cc1027e2cc08a5371b5cf75cf139b7,1
0x3d0e76914325064cda8a5251ff0fef65e51bd025,1
0x3cf4264c9f61a7b62dcf0e3b8e2ed88a314af30e,1
0x3cd8cc2844cd40db62aa979484c4e0eadceb273b,1
0x3cd878edab1bfbb14ece165f37e111c9cda868a5,1
0x3c378253155276dc2489bee226513660952bfbc1,1
0x3c1a2095cb704637ec147060abc57e64e65b18cf,1
0x3bcae1523988828668107d29677691576988af0d,1
0x3bca5bd1f3ad677e523798aec5234b747fa28dab,1
0x3bc658a573078776b4c5cfec75621c8c202176b7,1
0x3b79e6d77c13cb880e640b88a9f8f961632f7d1b,1
0x3b45a5cefe6d85eebef1c4d17780cba30f58e810,1
0x3b1fabf41e15dbee15dc4092420067d06a1a340f,1
0x3b0bada556d420a7700b898fb7931a5c81bbd30e,1
0x3adbe95b68687fe0628bf4a64d989834f1357067,1
0x3acdf9e87ca6da122ee052c039aecc45f150daf3,1
0x3aaeed95b37ba5c84a61c6628dc4334608dbf5f2,1
0x3a30ce13769118b38cedbb7c8c16e0b4e448ce5e,1
0x39aa1cecca39bf574b41ff0eac467134c6c07c0e,1
0x39a19cedb01d8f7f4a48d8097f93283115f26d37,1
0x399761d4395de2804426547dd84a271ad1f539ca,1
0x3975493ed0c047c71e1268b0d35009176f5155a6,1
0x3973810c61ff7d967818681ef342d6cf64dd976d,1
0x396739ee44a7cee1f5bf645a94bf7d489bdc0fca,1
0x38f083cd417d8f325f539e7e8a74e6a9c6b341fa,1
0x38b970957208cad75eedc44b721571cbdd2d3815,1
0x3841c56ad6a83d3e95732c54f3760245f16d879f,1
0x38090ae67b57a6a4238dd75bf8d169a36222399e,1
0x37961094abe817a902f2fd5db6c4e7a07ecd0fce,1
0x379160a4ded186253b579f890007540c8dad307c,1
0x3747c3cff4622025b75b1dd7bc4a841e78069fb5,1
0x36b2eae4d8782e9f126c37deb85a2bd9a9bd8773,1
0x368dc07a18eab01645cff8ddd5377db3839043f7,1
0x367e72cd458b2256175d44c630b03076ee06bc06,1
0x36707ec8c48f2271deef223b05cf58c33ba6050c,1
0x365d2e63c2f903d5807b47a4409e47ce99cb2f16,1
0x3609cc2d5136da647aeb86e26f8ddcbdf3c021b3,1
0x360759eedfe2519dd58ec0ac0c057636a666e7cb,1
0x35c46c507cf99327c6ba03125e9ca9be7ff197cc,1
0x35ba3a19e2a5a5adf55bab63bbf790bd2c0a5f85,1
0x359a1944b4755e23fcde4ad59bba80203fb68eda,1
0x35962d0545e13e753a05ccd292c71176ca785137,1
0x352493544e7fac9d54b5083db27eeb300f989dca,1
0x34ee160d57c7c14d018b6f751fafd1060b560db6,1
0x349f35d0448490818e9238c1968fa1325bbf62bd,1
0x349285f6ffd74c274eca8e940645de111916791e,1
0x33e0ed1f3d35f6112d4dfaf8944ff17633e6cf24,1
0x336ed9203afcfb4b7ea092fd9f0ffc0c540ebb11,1
0x3347e7cdb8cf3c42667cb9babb13d72da0c71fed,1
0x331583a7dc1006ab836525023c29b832a909513c,1
0x330f8cea06b2b3ce24a00c783167d9094e2f6094,1
0x325624d51b000ae50961dfaf687c5550d1a6ff93,1
0x3233306dc06f2d09cff0b775d294a7e9871abd47,1
0x320ccf43de8c7ce43dc7b1ac2567aa700a3de72c,1
0x31ef9a7654e47d8de0bb30e0f357ced77ecdc49c,1
0x31bc14f700d288b622032b739eb1a1f7e4534d69,1
0x31b91f35553697241e3956a8317b574346cc7721,1
0x318494b14a8a1cfeb63eb9899ecb4edfe3c50bc0,1
0x318073db4e66b9da5d82064e6213f3e8c0549c4e,1
0x316b77c3dc2265d5b2c9d21f6a583d83e449481f,1
0x316992e537f6a60914e2832b046690472b8224e0,1
0x3078d965268a0d45835920db88b43d971d6cca38,1
0x30339dffd7953259e6ae934c285f9d3179b110d6,1
0x3016272a3410c9f2fc2743fb41488e9f241c6110,1
0x2fdef55d4c5fbfdda70610ad5496659f3b3ab917,1
0x2fd199f36a228784605fc8f84cc469af0744320b,1
0x2fbf79ad7eb0a67e0d9e81ff79d1bbe5defd2a4a,1
0x2fac39bc7e753fcde727b82014c30646c4ff2a57,1
0x2f91ffa11aebf6b8bfa9d5dbc1ca2f4d61f11ea4,1
0x2f36fb6ec203c701fa786e737be8b0f6e651fd67,1
0x2f35612248fa5b714becd51b4c23b38a7a5e266c,1
0x2e150d53c5bd45cac18d0b334be79fd3746a63af,1
0x2e0764173dc1a5276e42dea9c636ddf3543852d7,1
0x2de014a1b64bda2a43eee8c7c9bdb20e5143aaad,1
0x2dd1a5b3265d1758bf0da7b29ebd9943ee1df818,1
0x2db7299e2b3872c64035dd5cb79958e72a977280,1
0x2d7ea46be49135ccf0b47466f3243de9f3452bf3,1
0x2d02aa1a19f0d15515ef0edcabf57cca0da57ff2,1
0x2cd9ff8bb9ae2def18bf7b6148ce5b2979e62a22,1
0x2cada4e50158e64feafac2b412da09213d9ecf56,1
0x2c22086e1329c8650e29d61de2953e5286dee127,1
0x2c0303317c08df3b0411c9db1a4f3067e55ff909,1
0x2bfdabe292305c6c461194b2c3afc44c379c39f9,1
0x2bcde6e12728d574dde87bdfc68d3d43fea84dd8,1
0x2b11f1baf7789a3548f8a60a0693db16241edd4e,1
0x2aebc247043132390096e576c3f33086fef82aff,1
0x2ac38dc851dd61e76492bf39698394ae849a62f0,1
0x2ac1200e5cdbb166d940bbf401808c3119372bb0,1
0x2aacad555d18cb50a221013d80204c7fb93c7b97,1
0x2a7432d9dce3d3df611e356ece91aa88855a5cc5,1
0x2a4ff32ad6e8b9a04822b92f93b3ae4c25d45d3c,1
0x2a28708f4aac02ad4371ff9bfbc4ec02eba8d40d,1
0x2a11707571514383ef85eadbc1b7a09d2de64da0,1
0x29f5f4d627e76d4ba7bf55e935c0d583028f4590,1
0x298367d7c87eb68e09df6b0e27268f12d0d83e94,1
0x292569f72580ef53a40708ecb4094350e828c7ea,1
0x28de514641034f2d900cf17c25cefbfec851559a,1
0x284ff224a3ec8fd6b6a259e53d1c233fa41f5fee,1
0x27b95081396f598deb985f92becb91f5bd75cbbc,1
0x27563e858921a8f277db8eb5b13b9496f0de43a0,1
0x2754807125c601cb87e917b6abf6cb632dd6d0b0,1
0x270a7e38fca6cde5b0a5959296971b7854ae9c6e,1
0x26b40970948d74d60f37911d1276ff940d8648a4,1
0x26986b76d33ff9e1c3d80ddf5fb59664e6f36c3d,1
0x268b06a71f3e7b222bad215a6a68255455877a7f,1
0x262ff49e5a34b35bce2a7ad4a42b7689f70d0712,1
0x25bf268e0b1c68b202b90c11f70d60fab561334e,1
0x25b8a9e8420c625f0c83a3154f2f2942778ba767,1
0x2570fec4388817e29e0b8564f7ac78155e4e7177,1
0x2563c2b65f16eceae98093b27a3e58315016cd0e,1
0x24d2f6ebc0e0143f61d5e01e0372ee467a569fe4,1
0x23dc690fe0fc66a9358022e08d0750efd525c97a,1
0x23917ede828f048ba89935d202e906983056a1bc,1
0x23616d437c9445a77389da9a6a8afed898ed48e5,1
0x231b405c333db6d81adeaadf4c6ff3940ea5db21,1
0x230260d2d5f1ed8b557ad119f4d08025e334829e,1
0x23013682f55871895e22da91791e266c09b60fa4,1
0x2276b777fea566dd7d2e88cbe3868284ee0dcf71,1
0x21e639f6f89fb6c3b7712a5e3d51c0fd875c9bff,1
0x21b84641751a346c465e5bb91075b8fd3da2cee5,1
0x21af949ea237c2ef2503506c060d9cafcaf4a88f,1
0x219d6c1999664bc52bf5971d6e040b8e62a8ac14,1
0x2184cfd439c69ad79e4d9e2cdc4ae8e863b063a9,1
0x2148461fdb4e57e058bda9bbd776f38cf62851ba,1
0x2128112a1cb982c272ecc3b40933ad9ee3fad124,1
0x20f0aa8087c21fe745beadef8e111dc3d57af0a4,1
0x20d9f0fd4d21ac68145ca469112b59a81b0a882d,1
0x20b981bd35c7bfbcad97e98831e96402e0fd5cd0,1
0x20b90d3c435fd7aa31fd9f68a6d7c2742deeb002,1
0x208c4ac98cc79927d5f70b9b287809df7bb45bb9,1
0x205ebfc974bc5ca41d2ed2d2acec22aee5460ba5,1
0x205b7a8637a8edb45f9c4f50bdb282b01c05615c,1
0x203f274b5039af24437969ae7b004fbff6c30c83,1
0x1fa764afb89c4ed8f0d04ec74c4ea227621f3fcf,1
0x1f705f846de70c72df86812453d44289f66ff9ec,1
0x1f474f5b40ff889fdaac8f21df18613866f11942,1
0x1f31b4c4c5a8652a4c60490aeb576172d2c9ce74,1
0x1ee315157b16e30ca0f2cc461339942dd0dbb54b,1
0x1ea0297032363ecd5edd82b4a6615bc6d07c9599,1
0x1e52e783faa251c7837d1dc5271b1c3ed34a759b,1
0x1e058b0a99aede1d97f1329eaa2c906a3bdf69e9,1
0x1daf646c7690b073518ce2a793dac52c6649bd6f,1
0x1cc937e30b0676f3ff4668eae27e982b89f9b495,1
0x1c5319d7daf979927bb089de4245987bacbfe44b,1
0x1c3862759c92c1c8470d8a0bfa18294f18ea767a,1
0x1bf9508255c6aace63fbed75d69706fe62993514,1
0x1b1b99c99a2b319907516bbbd14b41619e75c008,1
0x1acffb716be105645f9507e836990c6d332a07ce,1
0x1ab7550db7aefe03b98549bb25e1cd041278d74b,1
0x1aa30ca3f7e5c60642c64a1a30fe54eefe5e5f63,1
0x1a8eab7ebf9e810a9779689b927ffa9b4a0ae11a,1
0x1a076373a2d59df6d26a2376970f3993fb99583c,1
0x19a6b355523fda5a9773445f51127530179c2859,1
0x1964409f1f58ddc0d2756d2e1beff4201e68c4e8,1
0x19348c30688c32f034cafac133c5a361ae05b92d,1
0x192c90cc3d65eae7330226e4323720d14d3a288b,1
0x190d96d02dae21259c26b192582537f4cef7a280,1
0x19001fcc1b721faac097d5456bf31ac0715122f5,1
0x18f5dc58689adf04a29b2eebed6b9f3040e88a18,1
0x18cc1af10e48cf405506ee15331bb3e4bf116e70,1
0x1817fa18c00732aa4c8ca80fb193da8cbac6931d,1
0x1806d2187f8dea67be494dcc3ce6024ac6e70849,1
0x180322e0e7e48c44829c03b9886ee00a49d3e808,1
0x17ce9d2cb353d52261701ce4b6974d7144731c97,1
0x17a4d259fd68b551219865e2f8b708b98ba9abda,1
0x1782ec9689d88a5f43974bf4d303720b569d9500,1
0x175b131a16eded6fdbd168830284d3fe81619f4e,1
0x171adf423458ce551013392f53ae9801abb11048,1
0x16bd84d351a9c183114284858f7c6d90470b10de,1
0x160c2feedc4daafe3efe46d1c02687c9aeaf7f8c,1
0x15e9e9fe9a851a403008fe94728a49b5a827f550,1
0x15a523f698c78fff72eb93d6daff8cf548d30280,1
0x159d5d601898517ab02f76c21c09cf749d175433,1
0x154a0a726bf9a85cf7a9331c1f26ed83fa5268d4,1
0x1546faad98c1d724d217d7c2494fd60b72d95382,1
0x150e4405b1f5fd3899d39ab0351a6b5d0b30b702,1
0x1504d7a085a9b6535778a3555e0ee6698adcffa8,1
0x15033c20745d381a540e362af2950e17fc13798f,1
0x12ffa86de1a90f8118c995f9e9bf6234b38b7798,1
0x12b630b3a44a09ef0cd13cda265a1fb0ce85d096,1
0x1296c3643be8a9d31329a408bd8336b1d4efe751,1
0x126cd4c0485208a5ac1be9dd3eb95d39b0c6a11d,1
0x12585a2b9906283c484c1c0ed3fd1a9824ffc691,1
0x123c4167446e3ef792f12d645cf5767cdd68d592,1
0x120f8d691e359561abc080c2a9c98a1de7a9fd08,1
0x11deffb439345ae2cac644c63eae5b1b29e7b9ff,1
0x11a52ae4d4e6d076f895ebc213d7600240eec6b0,1
0x11674b58fe0a9bf864f08d6a19d30a31a2f51553,1
0x114af2fef5073794d43ee85507d36303d19bb835,1
0x113fd85892eb57d60ccc41094ab328f4d9f11cd9,1
0x110cd7471d7677fb04ec44f47f9ff95ab02161fd,1
0x10b02f6fab586ef26369c20ca4102fc0cbe51070,1
0x107754a8340511826255de4bfbaea83d0608fbbd,1
0x0f8a7bf7738ad5ad3cd87069acce03e68e9cb696,1
0x0f6ac8d3e3820370f369c0ce2320388fe676aa32,1
0x0ec483a49a0c759922909e866601e5c59be3dcdc,1
0x0e463fb06558a89e93f334c633b5d9b175bb60a4,1
0x0e2c4db430478e7cc72c5610a5576867697e6248,1
0x0e2bd3f209ac7a73044e1858ce1d729ba2bec643,1
0x0dd480b9b8209b2a1438db721c2ae904df749818,1
0x0dc91ee3cc43ba5010f1b4ce42fc19b8631693c0,1
0x0d9cb3dce78b04fa03cc8ae1665ec004ccb581cc,1
0x0d7f095795243021dbdc1c7ae1aaa0867facd79e,1
0x0d49494ccc02ae99ca9f7253968dc93759491914,1
0x0d30d188ffb8e75c94d63e99609839f71752a761,1
0x0d195011ff96c515abe6e0eee739b3ab94beb11e,1
0x0cf7507700dd189a6e950e390359169448e6fcce,1
0x0c6743e56a4a1d09c7be64cdb5b9f1af9d7fc3de,1
0x0c39a7b2a9c093f720fe7be116fd4cc2848ea461,1
0x0b68748d86683bebbe65c284332642ac98c23010,1
0x0b5a35ec443cfc1a3381548ec1d0d4b6f288dfb1,1
0x0b3099408684ab13212b3c7737a3ad3a8631afaa,1
0x0b242d373ad03cdd49ae7f0976fab58e2fdaebab,1
0x0b0bec9b22dcfa2e4cbca8d1469cccb099ddc422,1
0x0adf440dcf173ff04006e3dadf2d377f3d02bdee,1
0x0aa1e4d9bf7738eec6c3357e4fcdf03cf24337eb,1
0x0a81ff9d371e38b4e47ef341e7f90692ef16016f,1
0x0a19ee8fba01eb23815b0f6a7ae456dff9cf20bf,1
0x0a1433cbb9de024f5ee2b6e7a753ab6bd85fe367,1
0x09af7e096734fbb87ec5b0dc8fc8dae3790c006a,1
0x0968438ce241eb2631ec8a7fc72dd4040a80c750,1
0x095a72e920a3fef62962b102d8343326b940d1e4,1
0x0951ce65bd4caa4b4d9f27b8d64e232f60fd81a7,1
0x091e0d55d149b8c4501b51b69381e00ed211d5a3,1
0x091d95282447c7b7a6a50320ffdb279ebbf90c15,1
0x090b41468c4175a8129640d403cabc45db6bb16b,1
0x08e3fb92229070de35b597c4701ba5178b0ef7b1,1
0x088424bcb69ccfd8fc2dda8c043dc4fedb005928,1
0x0881abca8ddfc3bb96c97c299b38dd80d7f0f30b,1
0x0879c8a31140fa6886b284cfe40cf58a940fe2fc,1
0x085588137cafb3a5014c4b990ca9180a10af4d31,1
0x07b3d9e028144381f4eac3192f0ae962720055ec,1
0x0784810c77be2956affa56bb04e2befdfadb8902,1
0x07733adfb8e81d45962e36856213bfaa3bcfe8b6,1
0x0757cf74d60ef924644a76e052fea08994ca148d,1
0x074e191b8d8c2daf4bfdf8dcae4df793d50f07de,1
0x06eb983925576e495b2f783591a97fae059fd530,1
0x06dece9c849d51ca03c4ef5991917e381f65560b,1
0x069dffd8d5e00952d956aef824d3e3dcdadeea63,1
0x069c7f9b766a60285d8a401798a2dc9b8186dffc,1
0x0679826c6878374502c92cbfa0a4cc5a56a7bb49,1
0x05cbbec10e43dab303daf432bb4c5dfe2d82615b,1
0x05867ebceb8b338bc4cacc9bf6253b94cb78e4d6,1
0x04f65f1d832f1116e560d44d55d8d09772f7fd90,1
0x049ffe5432fa375049c2ed19faccd9b31bb4523e,1
0x04489e3d3c36fa22ee2f4dce2d80c393c436a521,1
0x04413901ec075b5ba518aac4a3cadf59c361c8e2,1
0x042507751a45eed597314f3dc8e4e8d6a3bfc211,1
0x03e5bcb67ffd4b42d101efb09d38eca30d3bdc2c,1
0x03e258ce745d199a9e1f0919d2eb30ad1d20e648,1
0x03aff4cad5b5d5d9a6a74fbddb5d45fd01b211bc,1
0x03aae8c431f9373ae80eaf3f5aeea061ce0a3829,1
0x03705c4603e89c261f9850d7147f60ad5fc85bac,1
0x03469e8ca8e2a7bb0b96e79045ac0f1d9194ca56,1
0x02a785445d2e6d394e84fce92916b6879701c160,1
0x02976a2860f95a71a46eaebf5adc1e29a83de430,1
0x02946e0f413aba39077febfa08f015aac71585e0,1
0x028f39815c28b3252b5a80316799921eb6a8b120,1
0x02778a97f47bc2275a9722e5d9034a76618c0a02,1
0x020f5e677cdebb5a4025bb3358b12a8c1f87aa50,1
0x020014f870548dc7c7ae14633350ee98719a64da,1
0x01f5228f2ee5bcb2e3944b6214a3f637067eb0e4,1
0x01dfc156d0706d5ddd9cdef4682953a2c2e8a369,1
0x0195837e4fa4e76402521966ed0f4f0a3a076e55,1
0x015fb4b76146b1d9c20cd08adbdd8ca9a42322af,1
0x00a15f4e9323efa41ddf8ec3d87f1cf659ca8123,1
0x006a6204da3ed15f3e62842b53350dfb601c8e9d,1
0x006845ed573359a9f97018ccc1f15d62020a3e7c,1
0x0066ba0c46ce567cd4f5990f0244608faf8e700d,1
0x0040606113d0d45a214fa769bc977c3744bb835a,1
0x0032559bbf0ca133958e1baf1a8a18dd28611a7e,1
0x0023c6fd6af01142a772e8b7fc97f006bcfc8b16,1
0x0015805d056e1feafaf026ed30b4bb862dc66d9e,1
0xC1e3078d7a373419FA2A4c9C5B3c1bA0133A6831,0
0xC1e3078d7a373419FA2A4c9C5B3c1bA0133A6831,0